record_date,transportation,electricity,food,total_emission
2021-01-01,2791.41,3558.95,4894.34,11244.70
2021-01-02,2812.10,3584.01,4844.34,11240.45
2021-01-03,2791.01,3576.32,4881.43,11248.76
2021-01-04,2812.79,3563.11,4879.27,11255.17
2021-01-05,2772.56,3592.36,4815.50,11180.42
2021-01-06,2824.26,3577.68,4857.92,11259.86
2021-01-07,2793.45,3574.89,4833.07,11201.41
2021-01-08,2797.30,3588.89,4837.00,11223.19
2021-01-09,2819.77,3578.18,4836.75,11234.70
2021-01-10,2793.53,3586.97,4810.44,11190.94
2021-01-11,2800.31,3589.21,4852.60,11242.12
2021-01-12,2822.84,3588.08,4911.02,11321.94
2021-01-13,2830.90,3588.54,4861.19,11280.63
2021-01-14,2793.36,3591.11,4830.86,11215.33
2021-01-15,2815.31,3571.61,4879.55,11266.47
2021-01-16,2802.46,3552.83,4871.89,11227.18
2021-01-17,2776.01,3583.22,4820.21,11179.44
2021-01-18,2819.79,3562.61,4887.43,11269.83
2021-01-19,2790.05,3562.07,4857.58,11209.70
2021-01-20,2816.12,3554.62,4870.35,11241.09
2021-01-21,2809.34,3575.91,4918.38,11303.63
2021-01-22,2805.11,3572.45,4853.90,11231.46
2021-01-23,2836.69,3583.61,4807.24,11227.54
2021-01-24,2797.06,3570.80,4888.62,11256.48
2021-01-25,2798.58,3590.69,4847.74,11237.01
2021-01-26,2832.18,3575.63,4822.51,11230.32
2021-01-27,2809.07,3583.93,4796.55,11189.55
2021-01-28,2829.81,3576.98,4918.39,11325.18
2021-01-29,2804.65,3575.44,4855.71,11235.80
2021-01-30,2813.30,3612.46,4869.11,11294.87
2021-01-31,2802.63,3592.05,4905.87,11300.55
2021-02-01,2819.50,3588.01,4861.84,11269.35
2021-02-02,2812.27,3593.11,4843.95,11249.33
2021-02-03,2802.06,3570.84,4842.16,11215.06
2021-02-04,2794.48,3594.88,4851.53,11240.89
2021-02-05,2804.34,3575.06,4822.22,11201.62
2021-02-06,2821.53,3600.26,4877.17,11298.96
2021-02-07,2789.80,3572.66,4847.51,11209.97
2021-02-08,2806.82,3599.88,4893.19,11299.89
2021-02-09,2822.98,3607.19,4844.30,11274.47
2021-02-10,2788.41,3574.78,4892.74,11255.93
2021-02-11,2833.01,3570.38,4799.83,11203.22
2021-02-12,2812.68,3574.95,4854.26,11241.89
2021-02-13,2840.86,3579.21,4869.39,11289.46
2021-02-14,2807.03,3574.78,4810.15,11191.96
2021-02-15,2809.70,3587.11,4822.64,11219.45
2021-02-16,2810.64,3589.72,4861.78,11262.14
2021-02-17,2832.36,3585.76,4865.19,11283.31
2021-02-18,2810.49,3593.66,4825.39,11229.54
2021-02-19,2825.42,3553.89,4872.47,11251.78
2021-02-20,2830.46,3548.82,4841.12,11220.40
2021-02-21,2792.27,3552.19,4879.69,11224.15
2021-02-22,2804.44,3561.25,4915.31,11281.00
2021-02-23,2819.89,3551.17,4872.69,11243.75
2021-02-24,2799.74,3595.76,4875.97,11271.47
2021-02-25,2812.67,3617.81,4863.89,11294.37
2021-02-26,2827.03,3572.91,4843.68,11243.62
2021-02-27,2813.77,3568.45,4862.30,11244.52
2021-02-28,2804.30,3580.24,4884.40,11268.94
2021-03-01,2802.71,4119.42,4888.47,11810.60
2021-03-02,2822.97,4119.34,4857.18,11799.49
2021-03-03,2813.00,4089.39,4823.38,11725.77
2021-03-04,2811.72,4080.76,4863.29,11755.77
2021-03-05,2817.26,4131.74,4860.65,11809.65
2021-03-06,2816.30,4110.63,4837.88,11764.81
2021-03-07,2831.24,4103.61,4863.18,11798.03
2021-03-08,2822.52,4135.06,4852.88,11810.46
2021-03-09,2817.17,4142.99,4873.69,11833.85
2021-03-10,2809.92,4130.57,4849.84,11790.33
2021-03-11,2813.81,4117.84,4847.57,11779.22
2021-03-12,2795.21,4092.50,4845.61,11733.32
2021-03-13,2808.89,4099.71,4858.55,11767.15
2021-03-14,2782.33,4129.21,4905.50,11817.04
2021-03-15,2812.52,4117.68,4849.86,11780.06
2021-03-16,2812.79,4143.52,4859.32,11815.63
2021-03-17,2806.28,4096.64,4899.45,11802.37
2021-03-18,2799.29,4132.65,4867.73,11799.67
2021-03-19,2840.13,4119.48,4875.69,11835.30
2021-03-20,2816.67,4111.56,4877.60,11805.83
2021-03-21,2813.16,4093.15,4906.81,11813.12
2021-03-22,2783.19,4108.29,4855.06,11746.54
2021-03-23,2827.61,4142.82,4836.53,11806.96
2021-03-24,2799.31,4119.54,4871.03,11789.88
2021-03-25,2825.12,4089.60,4854.31,11769.03
2021-03-26,2823.84,4120.42,4870.90,11815.16
2021-03-27,2801.57,4123.83,4874.80,11800.20
2021-03-28,2793.38,4163.07,4882.31,11838.76
2021-03-29,2804.04,4136.87,4877.02,11817.93
2021-03-30,2799.79,4130.96,4891.29,11822.04
2021-03-31,2803.42,4135.30,4828.59,11767.31
2021-04-01,2789.35,4110.57,4838.89,11738.81
2021-04-02,2806.29,4123.98,4869.27,11799.54
2021-04-03,2839.57,4087.02,4937.57,11864.16
2021-04-04,2815.13,4141.37,4842.03,11798.53
2021-04-05,2813.56,4094.87,4888.88,11797.31
2021-04-06,2807.91,4135.34,4838.10,11781.35
2021-04-07,2832.93,4112.66,4863.34,11808.93
2021-04-08,2832.22,4145.17,4871.93,11849.32
2021-04-09,2820.51,4120.39,4860.20,11801.10
2021-04-10,2813.18,4128.18,4846.79,11788.15
2021-04-11,2797.34,4113.65,4856.58,11767.57
2021-04-12,2805.20,4106.74,4827.92,11739.86
2021-04-13,2788.07,4119.50,4851.74,11759.31
2021-04-14,2807.63,4087.69,4842.07,11737.39
2021-04-15,2816.75,4101.49,4883.73,11801.97
2021-04-16,2808.97,4131.26,4836.21,11776.44
2021-04-17,2813.71,4108.92,4879.52,11802.15
2021-04-18,2818.91,4101.40,4851.19,11771.50
2021-04-19,2834.16,4130.04,4905.57,11869.77
2021-04-20,2828.43,4137.91,4821.60,11787.94
2021-04-21,2802.26,4143.63,4858.67,11804.56
2021-04-22,2814.50,4161.51,4847.66,11823.67
2021-04-23,2813.30,4104.46,4818.53,11736.29
2021-04-24,2800.60,4114.69,4879.05,11794.34
2021-04-25,2784.53,4129.74,4888.75,11803.02
2021-04-26,2805.63,4150.92,4875.23,11831.78
2021-04-27,2832.38,4119.20,4888.01,11839.59
2021-04-28,2814.38,4120.57,4868.47,11803.42
2021-04-29,2817.38,4099.50,4867.85,11784.73
2021-04-30,2846.77,4078.13,4852.90,11777.80
2021-05-01,2792.28,4100.07,4879.71,11772.06
2021-05-02,2830.13,4111.06,4867.63,11808.82
2021-05-03,2797.56,4136.65,4868.04,11802.25
2021-05-04,2814.22,4117.03,4850.88,11782.13
2021-05-05,2830.84,4129.63,4870.19,11830.66
2021-05-06,2812.33,4119.41,4861.63,11793.37
2021-05-07,2830.77,4125.04,4860.88,11816.69
2021-05-08,2792.40,4165.30,4868.34,11826.04
2021-05-09,2818.10,4128.58,4844.98,11791.66
2021-05-10,2785.03,4106.46,4867.84,11759.33
2021-05-11,2812.37,4130.48,4791.39,11734.24
2021-05-12,2827.49,4147.31,4892.04,11866.84
2021-05-13,2808.17,4100.49,4868.72,11777.38
2021-05-14,2797.21,4131.58,4869.11,11797.90
2021-05-15,2819.33,4107.28,4781.74,11708.35
2021-05-16,2795.35,4111.57,4876.56,11783.48
2021-05-17,2790.05,4123.31,4902.57,11815.93
2021-05-18,2797.65,4137.40,4876.02,11811.07
2021-05-19,2798.27,4095.99,4875.94,11770.20
2021-05-20,2814.55,4116.96,4847.66,11779.17
2021-05-21,2825.58,4116.71,4826.04,11768.33
2021-05-22,2790.15,4122.34,4911.53,11824.02
2021-05-23,2800.38,4122.78,4871.24,11794.40
2021-05-24,2827.90,4125.42,4846.51,11799.83
2021-05-25,2827.87,4094.09,4873.01,11794.97
2021-05-26,2797.78,4098.27,4832.58,11728.63
2021-05-27,2826.46,4104.85,4837.89,11769.20
2021-05-28,2806.32,4086.70,4884.56,11777.58
2021-05-29,2818.78,4087.67,4852.15,11758.60
2021-05-30,2794.32,4109.26,4824.36,11727.94
2021-05-31,2812.30,4122.78,4859.16,11794.24
2021-06-01,2796.67,3595.31,4849.68,11241.66
2021-06-02,2786.74,3569.76,4892.50,11249.00
2021-06-03,2793.38,3573.90,4827.70,11194.98
2021-06-04,2770.34,3598.11,4863.83,11232.28
2021-06-05,2825.16,3541.50,4839.17,11205.83
2021-06-06,2788.31,3608.58,4885.34,11282.23
2021-06-07,2832.95,3575.54,4873.11,11281.60
2021-06-08,2789.55,3558.75,4854.03,11202.33
2021-06-09,2760.36,3580.82,4918.90,11260.08
2021-06-10,2828.10,3587.16,4910.87,11326.13
2021-06-11,2829.29,3605.02,4842.44,11276.75
2021-06-12,2794.05,3575.19,4811.77,11181.01
2021-06-13,2809.49,3594.64,4853.35,11257.48
2021-06-14,2805.00,3561.38,4822.79,11189.17
2021-06-15,2812.74,3582.88,4817.67,11213.29
2021-06-16,2796.87,3586.18,4875.49,11258.54
2021-06-17,2833.95,3573.08,4854.43,11261.46
2021-06-18,2795.41,3570.84,4845.71,11211.96
2021-06-19,2791.37,3571.45,4866.91,11229.73
2021-06-20,2792.97,3569.91,4820.95,11183.83
2021-06-21,2797.33,3573.91,4840.17,11211.41
2021-06-22,2783.66,3558.51,4866.79,11208.96
2021-06-23,2794.88,3551.85,4836.76,11183.49
2021-06-24,2817.04,3547.38,4832.28,11196.70
2021-06-25,2822.41,3577.82,4855.22,11255.45
2021-06-26,2793.24,3545.30,4832.79,11171.33
2021-06-27,2805.90,3587.49,4844.96,11238.35
2021-06-28,2801.65,3559.08,4887.73,11248.46
2021-06-29,2794.49,3611.77,4846.88,11253.14
2021-06-30,2812.98,3574.73,4810.60,11198.31
2021-07-01,2796.68,3577.24,4775.73,11149.65
2021-07-02,2816.23,3591.97,4844.15,11252.35
2021-07-03,2827.29,3572.68,4810.80,11210.77
2021-07-04,2788.43,3555.12,4887.79,11231.34
2021-07-05,2822.90,3577.12,4857.87,11257.89
2021-07-06,2813.83,3594.04,4857.88,11265.75
2021-07-07,2793.83,3580.16,4883.72,11257.71
2021-07-08,2784.48,3548.77,4873.30,11206.55
2021-07-09,2814.92,3593.19,4870.60,11278.71
2021-07-10,2788.77,3588.73,4845.23,11222.73
2021-07-11,2789.55,3564.69,4870.74,11224.98
2021-07-12,2808.26,3592.07,4881.49,11281.82
2021-07-13,2828.13,3572.04,4808.38,11208.55
2021-07-14,2804.42,3578.53,4887.66,11270.61
2021-07-15,2781.58,3577.70,4914.80,11274.08
2021-07-16,2828.99,3603.38,4846.57,11278.94
2021-07-17,2774.26,3545.63,4856.04,11175.93
2021-07-18,2808.26,3590.53,4841.01,11239.80
2021-07-19,2785.82,3558.81,4820.50,11165.13
2021-07-20,2821.41,3610.21,4848.34,11279.96
2021-07-21,2817.28,3591.82,4861.21,11270.31
2021-07-22,2787.19,3592.44,4851.87,11231.50
2021-07-23,2789.15,3596.47,4796.78,11182.40
2021-07-24,2839.14,3594.91,4871.63,11305.68
2021-07-25,2798.52,3581.99,4853.65,11234.16
2021-07-26,2797.32,3571.72,4877.19,11246.23
2021-07-27,2799.28,3543.66,4873.25,11216.19
2021-07-28,2776.05,3581.25,4850.71,11208.01
2021-07-29,2821.51,3586.53,4849.97,11258.01
2021-07-30,2811.08,3560.86,4869.56,11241.50
2021-07-31,2795.65,3545.31,4849.18,11190.14
2021-08-01,2828.76,3566.38,4850.17,11245.31
2021-08-02,2784.56,3555.43,4927.82,11267.81
2021-08-03,2796.57,3562.23,4843.46,11202.26
2021-08-04,2788.41,3554.40,4888.58,11231.39
2021-08-05,2804.12,3625.35,4785.83,11215.30
2021-08-06,2795.97,3605.32,4877.29,11278.58
2021-08-07,2825.31,3573.86,4879.96,11279.13
2021-08-08,2802.46,3587.61,4894.52,11284.59
2021-08-09,2797.22,3604.83,4896.14,11298.19
2021-08-10,2789.06,3555.45,4841.50,11186.01
2021-08-11,2817.10,3588.67,4854.22,11259.99
2021-08-12,2805.89,3589.15,4817.84,11212.88
2021-08-13,2786.42,3557.26,4925.03,11268.71
2021-08-14,2821.78,3592.69,4841.65,11256.12
2021-08-15,2809.68,3577.75,4784.87,11172.30
2021-08-16,2805.47,3558.53,4845.25,11209.25
2021-08-17,2799.78,3592.75,4858.22,11250.75
2021-08-18,2803.35,3575.74,4892.95,11272.04
2021-08-19,2796.98,3575.79,4865.74,11238.51
2021-08-20,2811.40,3591.25,4914.83,11317.48
2021-08-21,2788.96,3600.57,4832.47,11222.00
2021-08-22,2807.83,3594.70,4886.74,11289.27
2021-08-23,2828.28,3632.15,4853.97,11314.40
2021-08-24,2795.74,3582.90,4852.05,11230.69
2021-08-25,2809.21,3606.52,4850.62,11266.35
2021-08-26,2815.30,3580.90,4923.16,11319.36
2021-08-27,2785.70,3590.67,4939.83,11316.20
2021-08-28,2817.04,3585.06,4846.64,11248.74
2021-08-29,2783.21,3596.51,4843.43,11223.15
2021-08-30,2805.61,3587.57,4855.27,11248.45
2021-08-31,2814.69,3575.60,4906.66,11296.95
2021-09-01,2772.47,3572.51,4865.32,11210.30
2021-09-02,2803.13,3544.85,4845.91,11193.89
2021-09-03,2808.34,3602.88,4830.48,11241.70
2021-09-04,2826.15,3582.02,4876.65,11284.82
2021-09-05,2780.88,3589.55,4901.21,11271.64
2021-09-06,2805.07,3556.36,4839.41,11200.84
2021-09-07,2824.09,3587.29,4922.47,11333.85
2021-09-08,2784.41,3563.79,4863.15,11211.35
2021-09-09,2825.75,3532.89,4844.52,11203.16
2021-09-10,2819.79,3579.56,4864.21,11263.56
2021-09-11,2827.30,3568.90,4914.75,11310.95
2021-09-12,2812.29,3545.92,4851.87,11210.08
2021-09-13,2779.87,3568.31,4910.81,11258.99
2021-09-14,2805.65,3581.59,4833.30,11220.54
2021-09-15,2811.52,3582.00,4827.49,11221.01
2021-09-16,2828.81,3568.93,4881.97,11279.71
2021-09-17,2802.55,3581.34,4869.21,11253.10
2021-09-18,2828.48,3590.05,4920.29,11338.82
2021-09-19,2793.94,3586.13,4919.17,11299.24
2021-09-20,2794.94,3587.30,4856.42,11238.66
2021-09-21,2803.60,3535.17,4878.04,11216.81
2021-09-22,2789.53,3579.64,4877.53,11246.70
2021-09-23,2821.83,3556.62,4812.86,11191.31
2021-09-24,2798.42,3548.06,4849.12,11195.60
2021-09-25,2811.61,3547.27,4874.87,11233.75
2021-09-26,2814.11,3587.62,4874.76,11276.49
2021-09-27,2773.98,3570.31,4870.12,11214.41
2021-09-28,2823.02,3589.98,4862.70,11275.70
2021-09-29,2797.71,3581.35,4838.77,11217.83
2021-09-30,2821.88,3600.74,4853.59,11276.21
2021-10-01,2839.45,3578.66,4872.61,11290.72
2021-10-02,2836.12,3566.63,4851.63,11254.38
2021-10-03,2810.87,3571.58,4810.87,11193.32
2021-10-04,2825.31,3580.45,4892.44,11298.20
2021-10-05,2809.90,3558.82,4885.08,11253.80
2021-10-06,2834.18,3592.01,4840.22,11266.41
2021-10-07,2827.27,3582.37,4878.50,11288.14
2021-10-08,2820.16,3590.47,4882.12,11292.75
2021-10-09,2818.65,3597.97,4874.60,11291.22
2021-10-10,2776.31,3578.26,4895.10,11249.67
2021-10-11,2817.30,3562.03,4882.14,11261.47
2021-10-12,2812.62,3561.06,4859.06,11232.74
2021-10-13,2776.95,3583.33,4821.60,11181.88
2021-10-14,2819.36,3615.03,4883.46,11317.85
2021-10-15,2802.31,3541.16,4876.74,11220.21
2021-10-16,2782.23,3569.66,4808.40,11160.29
2021-10-17,2833.17,3581.17,4881.29,11295.63
2021-10-18,2809.04,3576.91,4835.18,11221.13
2021-10-19,2833.22,3597.64,4866.56,11297.42
2021-10-20,2773.30,3584.71,4871.93,11229.94
2021-10-21,2816.15,3574.49,4816.36,11207.00
2021-10-22,2825.48,3553.45,4881.69,11260.62
2021-10-23,2803.88,3583.75,4911.74,11299.37
2021-10-24,2812.51,3538.30,4836.21,11187.02
2021-10-25,2806.49,3572.05,4883.83,11262.37
2021-10-26,2814.72,3562.50,4827.22,11204.44
2021-10-27,2783.35,3568.19,4894.37,11245.91
2021-10-28,2823.67,3595.24,4774.94,11193.85
2021-10-29,2810.76,3567.21,4910.24,11288.21
2021-10-30,2797.16,3563.48,4859.71,11220.35
2021-10-31,2778.89,3598.18,4910.28,11287.35
2021-11-01,2798.82,3561.94,4890.54,11251.30
2021-11-02,2808.73,3598.72,4866.81,11274.26
2021-11-03,2788.95,3548.69,4865.17,11202.81
2021-11-04,2817.29,3578.37,4845.12,11240.78
2021-11-05,2823.60,3579.64,4846.34,11249.58
2021-11-06,2798.29,3645.41,4906.88,11350.58
2021-11-07,2792.61,3619.73,4905.29,11317.63
2021-11-08,2796.93,3559.07,4811.21,11167.21
2021-11-09,2816.02,3581.32,4872.11,11269.45
2021-11-10,2837.99,3587.10,4872.12,11297.21
2021-11-11,2808.80,3576.46,4862.55,11247.81
2021-11-12,2803.11,3573.17,4851.42,11227.70
2021-11-13,2807.50,3561.58,4932.35,11301.43
2021-11-14,2775.77,3554.82,4871.82,11202.41
2021-11-15,2823.21,3577.77,4898.67,11299.65
2021-11-16,2803.63,3596.48,4854.98,11255.09
2021-11-17,2770.75,3576.17,4911.33,11258.25
2021-11-18,2827.59,3572.85,4901.47,11301.91
2021-11-19,2801.09,3533.61,4867.67,11202.37
2021-11-20,2809.52,3543.64,4873.62,11226.78
2021-11-21,2832.68,3575.47,4856.45,11264.60
2021-11-22,2822.93,3572.65,4858.71,11254.29
2021-11-23,2816.56,3569.48,4868.30,11254.34
2021-11-24,2804.24,3568.09,4879.62,11251.95
2021-11-25,2814.03,3531.05,4860.38,11205.46
2021-11-26,2825.74,3573.48,4838.56,11237.78
2021-11-27,2804.91,3572.51,4856.16,11233.58
2021-11-28,2776.68,3545.02,4849.70,11171.40
2021-11-29,2811.20,3582.78,4864.52,11258.50
2021-11-30,2779.37,3598.64,4909.66,11287.67
2021-12-01,2815.15,3583.93,4839.72,11238.80
2021-12-02,2806.61,3582.43,4846.53,11235.57
2021-12-03,2834.60,3570.73,4871.07,11276.40
2021-12-04,2821.06,3591.04,4869.37,11281.47
2021-12-05,2821.96,3609.24,4882.66,11313.86
2021-12-06,2803.79,3581.70,4887.47,11272.96
2021-12-07,2808.60,3590.82,4807.68,11207.10
2021-12-08,2796.71,3569.47,4877.44,11243.62
2021-12-09,2792.06,3570.77,4826.41,11189.24
2021-12-10,2819.55,3573.84,4881.90,11275.29
2021-12-11,2787.51,3570.50,4825.71,11183.72
2021-12-12,2812.25,3579.94,4881.59,11273.78
2021-12-13,2802.50,3550.13,4861.49,11214.12
2021-12-14,2803.34,3587.99,4849.41,11240.74
2021-12-15,2821.75,3592.03,4812.52,11226.30
2021-12-16,2818.36,3584.30,4874.97,11277.63
2021-12-17,2799.80,3599.27,4817.52,11216.59
2021-12-18,2798.56,3572.02,4846.80,11217.38
2021-12-19,2811.00,3597.32,4831.94,11240.26
2021-12-20,2815.99,3545.46,4873.27,11234.72
2021-12-21,2799.47,3574.08,4870.44,11243.99
2021-12-22,2840.06,3597.12,4893.48,11330.66
2021-12-23,2798.22,3566.48,4831.64,11196.34
2021-12-24,2795.44,3553.54,4857.49,11206.47
2021-12-25,2826.41,3564.03,4823.61,11214.05
2021-12-26,2808.61,3590.56,4859.69,11258.86
2021-12-27,2813.89,3583.90,4854.28,11252.07
2021-12-28,2806.94,3600.88,4900.72,11308.54
2021-12-29,2810.49,3581.73,4885.27,11277.49
2021-12-30,2814.18,3570.40,4847.79,11232.37
2021-12-31,2806.76,3575.79,4829.64,11212.19
2022-01-01,2981.94,3819.96,5157.40,11959.30
2022-01-02,2995.29,3757.74,5175.44,11928.47
2022-01-03,2974.44,3792.72,5153.70,11920.86
2022-01-04,2979.60,3791.87,5209.40,11980.87
2022-01-05,2981.98,3763.43,5119.91,11865.32
2022-01-06,2990.58,3770.28,5180.08,11940.94
2022-01-07,2962.09,3800.46,5145.12,11907.67
2022-01-08,2959.90,3787.70,5226.39,11973.99
2022-01-09,2980.17,3792.02,5128.49,11900.68
2022-01-10,2966.36,3814.78,5202.33,11983.47
2022-01-11,2976.68,3824.62,5146.02,11947.32
2022-01-12,2979.28,3783.08,5162.21,11924.57
2022-01-13,2970.53,3829.68,5163.79,11964.00
2022-01-14,2972.88,3780.79,5141.34,11895.01
2022-01-15,2968.35,3799.45,5118.66,11886.46
2022-01-16,2982.26,3793.51,5178.48,11954.25
2022-01-17,3005.23,3802.38,5133.53,11941.14
2022-01-18,2947.09,3795.89,5166.62,11909.60
2022-01-19,2984.24,3794.14,5158.37,11936.75
2022-01-20,2983.83,3805.22,5204.47,11993.52
2022-01-21,2969.40,3806.28,5131.81,11907.49
2022-01-22,2983.39,3796.17,5170.55,11950.11
2022-01-23,2982.06,3838.45,5198.98,12019.49
2022-01-24,2945.86,3782.49,5169.25,11897.60
2022-01-25,3003.49,3808.26,5152.78,11964.53
2022-01-26,2946.03,3790.41,5240.52,11976.96
2022-01-27,2975.08,3793.98,5128.38,11897.44
2022-01-28,2926.22,3787.22,5138.09,11851.53
2022-01-29,2942.66,3801.00,5166.10,11909.76
2022-01-30,2992.77,3786.39,5167.37,11946.53
2022-01-31,2983.53,3797.85,5164.24,11945.62
2022-02-01,2951.64,3792.58,5178.15,11922.37
2022-02-02,2971.85,3778.41,5138.06,11888.32
2022-02-03,3012.52,3786.65,5182.48,11981.65
2022-02-04,2974.76,3777.47,5165.11,11917.34
2022-02-05,3007.87,3791.92,5184.80,11984.59
2022-02-06,3000.40,3747.66,5135.42,11883.48
2022-02-07,2961.57,3792.24,5177.64,11931.45
2022-02-08,2956.20,3822.20,5168.59,11946.99
2022-02-09,2975.07,3795.67,5128.02,11898.76
2022-02-10,2970.16,3800.98,5211.47,11982.61
2022-02-11,3015.29,3761.21,5185.12,11961.62
2022-02-12,2994.21,3811.35,5143.65,11949.21
2022-02-13,2962.94,3810.32,5100.63,11873.89
2022-02-14,2986.43,3789.25,5158.08,11933.76
2022-02-15,2979.73,3798.76,5114.67,11893.16
2022-02-16,2982.16,3767.95,5173.37,11923.48
2022-02-17,2992.70,3797.31,5189.81,11979.82
2022-02-18,2948.86,3773.32,5193.39,11915.57
2022-02-19,2971.89,3795.12,5124.84,11891.85
2022-02-20,2927.92,3792.53,5080.79,11801.24
2022-02-21,2987.61,3792.90,5196.10,11976.61
2022-02-22,2984.31,3827.47,5215.90,12027.68
2022-02-23,2979.03,3839.90,5132.23,11951.16
2022-02-24,2983.31,3761.44,5140.05,11884.80
2022-02-25,2938.15,3799.26,5181.16,11918.57
2022-02-26,2966.56,3789.98,5115.12,11871.66
2022-02-27,2965.19,3787.29,5222.34,11974.82
2022-02-28,3019.64,3806.73,5108.72,11935.09
2022-03-01,2937.43,4335.30,5114.44,12387.17
2022-03-02,2986.18,4347.47,5134.80,12468.45
2022-03-03,2981.21,4350.18,5155.99,12487.38
2022-03-04,2973.18,4353.81,5150.50,12477.49
2022-03-05,2965.73,4367.33,5168.53,12501.59
2022-03-06,2978.87,4349.19,5146.39,12474.45
2022-03-07,2978.33,4361.65,5169.97,12509.95
2022-03-08,3011.28,4390.01,5173.81,12575.10
2022-03-09,2961.95,4348.59,5181.69,12492.23
2022-03-10,3045.75,4340.44,5229.26,12615.45
2022-03-11,2975.24,4362.34,5118.72,12456.30
2022-03-12,2929.74,4354.85,5120.91,12405.50
2022-03-13,2977.86,4345.58,5140.97,12464.41
2022-03-14,2959.26,4345.13,5091.89,12396.28
2022-03-15,2935.99,4332.26,5147.20,12415.45
2022-03-16,3013.20,4394.49,5088.86,12496.55
2022-03-17,2992.36,4372.80,5158.91,12524.07
2022-03-18,2982.66,4351.44,5125.68,12459.78
2022-03-19,2969.64,4367.35,5167.18,12504.17
2022-03-20,2992.09,4392.64,5166.83,12551.56
2022-03-21,2939.04,4351.37,5112.47,12402.88
2022-03-22,2993.77,4333.12,5211.28,12538.17
2022-03-23,2989.12,4377.68,5081.50,12448.30
2022-03-24,2968.87,4343.26,5194.00,12506.13
2022-03-25,2985.81,4362.91,5163.20,12511.92
2022-03-26,2980.50,4360.53,5162.47,12503.50
2022-03-27,2971.26,4344.71,5154.01,12469.98
2022-03-28,2971.04,4379.68,5196.51,12547.23
2022-03-29,2991.08,4332.07,5142.56,12465.71
2022-03-30,2995.51,4351.83,5137.11,12484.45
2022-03-31,2958.57,4379.77,5205.62,12543.96
2022-04-01,2993.51,4367.63,5094.53,12455.67
2022-04-02,2951.00,4359.97,5144.34,12455.31
2022-04-03,2991.00,4355.44,5103.26,12449.70
2022-04-04,2962.84,4372.02,5169.42,12504.28
2022-04-05,2978.70,4357.62,5179.79,12516.11
2022-04-06,2964.06,4360.97,5117.55,12442.58
2022-04-07,2980.02,4346.37,5238.88,12565.27
2022-04-08,2979.48,4360.59,5140.28,12480.35
2022-04-09,2940.49,4327.21,5192.38,12460.08
2022-04-10,2986.71,4359.49,5181.86,12528.06
2022-04-11,2985.99,4359.22,5157.01,12502.22
2022-04-12,2980.97,4381.05,5153.87,12515.89
2022-04-13,3014.19,4390.28,5169.73,12574.20
2022-04-14,2999.26,4357.28,5121.21,12477.75
2022-04-15,2973.12,4338.49,5136.43,12448.04
2022-04-16,2976.16,4349.43,5154.68,12480.27
2022-04-17,2981.30,4370.10,5177.22,12528.62
2022-04-18,2957.06,4350.46,5133.14,12440.66
2022-04-19,2995.90,4378.95,5173.10,12547.95
2022-04-20,3009.82,4333.14,5146.95,12489.91
2022-04-21,2991.68,4355.26,5129.46,12476.40
2022-04-22,2972.76,4373.45,5182.57,12528.78
2022-04-23,2967.30,4316.17,5166.71,12450.18
2022-04-24,3002.70,4348.07,5090.26,12441.03
2022-04-25,2992.13,4379.50,5188.82,12560.45
2022-04-26,2992.15,4354.16,5166.91,12513.22
2022-04-27,3005.19,4361.44,5092.66,12459.29
2022-04-28,2984.90,4370.41,5169.63,12524.94
2022-04-29,2981.44,4383.19,5183.16,12547.79
2022-04-30,2968.68,4340.24,5161.27,12470.19
2022-05-01,2991.20,4377.39,5185.99,12554.58
2022-05-02,2988.46,4358.14,5122.73,12469.33
2022-05-03,2988.94,4389.51,5133.33,12511.78
2022-05-04,2967.15,4374.09,5150.33,12491.57
2022-05-05,2955.64,4381.94,5114.67,12452.25
2022-05-06,2974.56,4369.44,5132.75,12476.75
2022-05-07,2978.86,4363.75,5140.15,12482.76
2022-05-08,2958.33,4350.29,5210.44,12519.06
2022-05-09,2976.23,4362.51,5138.87,12477.61
2022-05-10,3000.83,4347.59,5211.16,12559.58
2022-05-11,2936.09,4349.08,5135.73,12420.90
2022-05-12,2954.13,4393.27,5171.46,12518.86
2022-05-13,2981.86,4352.77,5186.78,12521.41
2022-05-14,2958.41,4372.80,5108.87,12440.08
2022-05-15,2980.12,4363.57,5179.13,12522.82
2022-05-16,3004.76,4330.97,5090.00,12425.73
2022-05-17,2994.51,4352.46,5198.82,12545.79
2022-05-18,2980.16,4395.17,5120.39,12495.72
2022-05-19,2995.39,4345.09,5149.96,12490.44
2022-05-20,2953.35,4373.13,5110.22,12436.70
2022-05-21,2958.47,4393.73,5142.33,12494.53
2022-05-22,2968.14,4368.12,5140.12,12476.38
2022-05-23,2988.95,4325.50,5144.21,12458.66
2022-05-24,2992.25,4382.06,5169.82,12544.13
2022-05-25,2959.47,4340.02,5082.61,12382.10
2022-05-26,2968.85,4378.34,5145.90,12493.09
2022-05-27,2992.93,4361.42,5115.94,12470.29
2022-05-28,3007.08,4352.95,5138.07,12498.10
2022-05-29,2982.89,4339.17,5119.59,12441.65
2022-05-30,3007.22,4359.49,5168.32,12535.03
2022-05-31,2981.14,4364.06,5138.66,12483.86
2022-06-01,2974.43,3794.56,5100.24,11869.23
2022-06-02,2972.87,3784.55,5179.32,11936.74
2022-06-03,2981.16,3757.47,5159.01,11897.64
2022-06-04,2981.94,3773.66,5116.80,11872.40
2022-06-05,2998.64,3766.31,5130.80,11895.75
2022-06-06,2976.98,3811.66,5133.16,11921.80
2022-06-07,2959.51,3785.47,5198.08,11943.06
2022-06-08,2995.85,3813.95,5193.62,12003.42
2022-06-09,2987.40,3775.21,5138.98,11901.59
2022-06-10,2972.65,3785.95,5154.18,11912.78
2022-06-11,2994.09,3822.35,5122.77,11939.21
2022-06-12,2992.47,3778.52,5130.73,11901.72
2022-06-13,2960.73,3816.81,5137.56,11915.10
2022-06-14,2996.35,3776.69,5191.74,11964.78
2022-06-15,3003.32,3795.35,5142.21,11940.88
2022-06-16,2954.99,3820.65,5170.14,11945.78
2022-06-17,2953.06,3789.62,5111.60,11854.28
2022-06-18,2996.86,3801.16,5181.42,11979.44
2022-06-19,2947.76,3778.59,5125.15,11851.50
2022-06-20,2995.73,3806.00,5164.88,11966.61
2022-06-21,2967.49,3764.92,5155.20,11887.61
2022-06-22,2958.24,3783.11,5187.45,11928.80
2022-06-23,3003.01,3818.60,5182.97,12004.58
2022-06-24,3024.24,3745.89,5177.12,11947.25
2022-06-25,2964.96,3780.20,5188.18,11933.34
2022-06-26,2984.58,3814.47,5104.46,11903.51
2022-06-27,2954.98,3815.89,5178.35,11949.22
2022-06-28,2988.93,3854.18,5149.00,11992.11
2022-06-29,2962.44,3804.55,5102.76,11869.75
2022-06-30,2988.84,3792.99,5131.44,11913.27
2022-07-01,2976.57,3811.84,5153.74,11942.15
2022-07-02,2973.91,3823.11,5202.52,11999.54
2022-07-03,2979.95,3802.35,5162.33,11944.63
2022-07-04,2988.86,3784.42,5133.86,11907.14
2022-07-05,2978.69,3797.36,5101.51,11877.56
2022-07-06,2973.34,3809.98,5164.04,11947.36
2022-07-07,2994.89,3790.21,5170.70,11955.80
2022-07-08,3002.21,3791.43,5166.46,11960.10
2022-07-09,2959.85,3780.71,5120.89,11861.45
2022-07-10,2964.91,3793.29,5191.56,11949.76
2022-07-11,2988.18,3813.30,5085.22,11886.70
2022-07-12,2964.57,3797.87,5144.54,11906.98
2022-07-13,2974.71,3784.06,5146.97,11905.74
2022-07-14,2962.81,3794.62,5142.45,11899.88
2022-07-15,2980.85,3816.06,5146.55,11943.46
2022-07-16,2980.31,3789.22,5174.91,11944.44
2022-07-17,2971.02,3818.08,5198.26,11987.36
2022-07-18,2988.03,3817.95,5158.49,11964.47
2022-07-19,2994.48,3788.41,5165.50,11948.39
2022-07-20,2982.01,3787.36,5129.54,11898.91
2022-07-21,3009.97,3818.31,5120.83,11949.11
2022-07-22,2956.55,3802.27,5143.88,11902.70
2022-07-23,2939.74,3798.36,5190.81,11928.91
2022-07-24,2972.22,3823.25,5157.23,11952.70
2022-07-25,2971.65,3789.86,5149.64,11911.15
2022-07-26,2976.05,3791.68,5073.65,11841.38
2022-07-27,2988.32,3806.25,5189.59,11984.16
2022-07-28,2978.28,3796.84,5147.89,11923.01
2022-07-29,2992.05,3773.84,5168.21,11934.10
2022-07-30,2959.86,3761.11,5139.00,11859.97
2022-07-31,2963.83,3782.06,5117.15,11863.04
2022-08-01,2994.35,3781.34,5176.08,11951.77
2022-08-02,2978.87,3785.83,5161.67,11926.37
2022-08-03,2993.54,3818.47,5155.14,11967.15
2022-08-04,2947.31,3804.97,5196.74,11949.02
2022-08-05,2981.60,3778.13,5193.31,11953.04
2022-08-06,3011.58,3786.54,5097.48,11895.60
2022-08-07,2991.79,3813.60,5149.06,11954.45
2022-08-08,2960.90,3788.90,5162.00,11911.80
2022-08-09,2981.18,3748.50,5162.82,11892.50
2022-08-10,2973.22,3809.28,5148.16,11930.66
2022-08-11,2951.46,3810.37,5179.26,11941.09
2022-08-12,2987.80,3767.40,5144.14,11899.34
2022-08-13,2959.45,3772.22,5155.23,11886.90
2022-08-14,2972.77,3774.69,5119.75,11867.21
2022-08-15,2967.60,3813.52,5156.47,11937.59
2022-08-16,2987.69,3811.63,5152.32,11951.64
2022-08-17,2988.43,3769.20,5150.07,11907.70
2022-08-18,2971.76,3794.54,5140.47,11906.77
2022-08-19,2968.05,3819.01,5133.45,11920.51
2022-08-20,2952.08,3823.38,5118.92,11894.38
2022-08-21,2967.06,3792.45,5114.94,11874.45
2022-08-22,2950.20,3780.65,5104.50,11835.35
2022-08-23,2998.58,3795.79,5134.25,11928.62
2022-08-24,2982.82,3795.15,5158.73,11936.70
2022-08-25,2991.89,3805.11,5133.72,11930.72
2022-08-26,2972.52,3834.64,5173.32,11980.48
2022-08-27,2990.62,3811.59,5144.77,11946.98
2022-08-28,2966.59,3779.76,5152.95,11899.30
2022-08-29,2980.92,3807.30,5173.58,11961.80
2022-08-30,2972.42,3800.43,5149.55,11922.40
2022-08-31,3014.51,3747.82,5159.94,11922.27
2022-09-01,2985.64,3761.30,5197.19,11944.13
2022-09-02,3001.89,3784.51,5100.92,11887.32
2022-09-03,2964.96,3815.68,5158.14,11938.78
2022-09-04,2995.18,3771.66,5116.11,11882.95
2022-09-05,2981.34,3805.82,5154.03,11941.19
2022-09-06,2959.82,3830.41,5129.44,11919.67
2022-09-07,2977.66,3791.46,5120.92,11890.04
2022-09-08,2973.86,3782.79,5139.76,11896.41
2022-09-09,2996.23,3765.03,5206.72,11967.98
2022-09-10,3024.23,3802.53,5124.12,11950.88
2022-09-11,2998.18,3773.19,5162.62,11933.99
2022-09-12,2953.20,3811.03,5158.76,11922.99
2022-09-13,3001.46,3758.13,5134.07,11893.66
2022-09-14,2940.78,3744.62,5137.98,11823.38
2022-09-15,2963.62,3825.38,5182.36,11971.36
2022-09-16,2975.22,3786.88,5109.99,11872.09
2022-09-17,2987.67,3783.07,5125.99,11896.73
2022-09-18,2965.68,3757.42,5144.11,11867.21
2022-09-19,2973.62,3784.41,5169.34,11927.37
2022-09-20,2996.80,3789.81,5124.91,11911.52
2022-09-21,2924.02,3785.21,5096.37,11805.60
2022-09-22,2970.23,3797.34,5230.03,11997.60
2022-09-23,2976.10,3785.06,5148.74,11909.90
2022-09-24,2990.82,3814.22,5161.70,11966.74
2022-09-25,2974.49,3779.91,5160.01,11914.41
2022-09-26,2984.53,3797.62,5148.36,11930.51
2022-09-27,2992.29,3775.92,5126.81,11895.02
2022-09-28,2969.99,3761.62,5149.98,11881.59
2022-09-29,2983.98,3807.51,5156.91,11948.40
2022-09-30,2987.21,3800.14,5153.99,11941.34
2022-10-01,2985.39,3775.88,5168.37,11929.64
2022-10-02,2974.11,3780.38,5160.01,11914.50
2022-10-03,2973.99,3806.07,5127.25,11907.31
2022-10-04,3001.86,3799.10,5223.72,12024.68
2022-10-05,2975.32,3772.87,5162.11,11910.30
2022-10-06,2964.82,3787.39,5141.47,11893.68
2022-10-07,2986.63,3824.75,5134.27,11945.65
2022-10-08,2985.24,3764.20,5146.38,11895.82
2022-10-09,2954.46,3770.32,5193.79,11918.57
2022-10-10,2977.65,3803.11,5231.85,12012.61
2022-10-11,2952.32,3779.72,5210.54,11942.58
2022-10-12,2957.89,3752.38,5151.45,11861.72
2022-10-13,2978.79,3782.81,5135.65,11897.25
2022-10-14,2981.91,3791.26,5154.07,11927.24
2022-10-15,3007.79,3811.78,5218.32,12037.89
2022-10-16,2976.37,3798.39,5126.94,11901.70
2022-10-17,2963.49,3783.37,5165.15,11912.01
2022-10-18,3002.86,3794.84,5164.59,11962.29
2022-10-19,2955.45,3787.35,5178.70,11921.50
2022-10-20,2975.05,3763.93,5154.96,11893.94
2022-10-21,2957.06,3816.58,5110.49,11884.13
2022-10-22,2946.51,3818.00,5108.34,11872.85
2022-10-23,2999.85,3786.82,5180.27,11966.94
2022-10-24,2954.33,3819.08,5186.70,11960.11
2022-10-25,3023.18,3793.77,5169.94,11986.89
2022-10-26,2977.77,3818.05,5160.48,11956.30
2022-10-27,2991.22,3795.43,5195.76,11982.41
2022-10-28,2981.89,3804.45,5095.53,11881.87
2022-10-29,2982.71,3778.61,5158.93,11920.25
2022-10-30,2959.81,3807.66,5138.19,11905.66
2022-10-31,2979.79,3748.75,5200.59,11929.13
2022-11-01,2982.43,3777.78,5151.02,11911.23
2022-11-02,2977.86,3804.58,5131.43,11913.87
2022-11-03,2995.32,3805.14,5094.86,11895.32
2022-11-04,2959.09,3831.95,5150.66,11941.70
2022-11-05,2950.93,3787.13,5150.55,11888.61
2022-11-06,2972.73,3785.05,5162.16,11919.94
2022-11-07,2961.22,3755.31,5197.03,11913.56
2022-11-08,2993.27,3759.70,5132.88,11885.85
2022-11-09,2971.29,3839.92,5128.30,11939.51
2022-11-10,2977.92,3804.04,5152.93,11934.89
2022-11-11,2991.95,3784.29,5079.66,11855.90
2022-11-12,2981.85,3803.12,5154.79,11939.76
2022-11-13,3007.93,3806.54,5143.81,11958.28
2022-11-14,2981.20,3776.93,5184.83,11942.96
2022-11-15,2983.03,3780.11,5139.65,11902.79
2022-11-16,2966.24,3779.23,5191.38,11936.85
2022-11-17,2974.95,3832.00,5180.71,11987.66
2022-11-18,2974.57,3738.36,5116.17,11829.10
2022-11-19,2962.99,3781.10,5161.47,11905.56
2022-11-20,2981.53,3799.54,5165.69,11946.76
2022-11-21,3013.83,3786.60,5218.90,12019.33
2022-11-22,2962.18,3775.80,5159.43,11897.41
2022-11-23,2973.98,3760.51,5175.88,11910.37
2022-11-24,2982.84,3784.59,5123.70,11891.13
2022-11-25,2982.78,3803.98,5120.57,11907.33
2022-11-26,2978.24,3768.08,5147.17,11893.49
2022-11-27,2984.35,3807.73,5137.42,11929.50
2022-11-28,3000.27,3827.30,5128.00,11955.57
2022-11-29,2982.40,3793.19,5150.18,11925.77
2022-11-30,2982.63,3786.16,5091.04,11859.83
2022-12-01,2961.87,3802.12,5159.21,11923.20
2022-12-02,2976.20,3791.50,5174.98,11942.68
2022-12-03,2990.69,3795.42,5174.70,11960.81
2022-12-04,2968.85,3809.42,5191.06,11969.33
2022-12-05,3005.17,3772.98,5115.04,11893.19
2022-12-06,2989.33,3791.21,5195.47,11976.01
2022-12-07,2964.74,3797.94,5200.39,11963.07
2022-12-08,2989.22,3803.57,5114.94,11907.73
2022-12-09,2952.58,3816.40,5169.89,11938.87
2022-12-10,2992.34,3796.56,5168.79,11957.69
2022-12-11,2989.19,3795.01,5161.07,11945.27
2022-12-12,2984.36,3790.74,5157.20,11932.30
2022-12-13,2991.95,3758.86,5176.86,11927.67
2022-12-14,2972.80,3842.44,5242.27,12057.51
2022-12-15,2974.94,3831.95,5186.03,11992.92
2022-12-16,2999.89,3775.28,5178.98,11954.15
2022-12-17,2982.83,3780.29,5134.07,11897.19
2022-12-18,2970.10,3780.71,5164.67,11915.48
2022-12-19,2966.44,3792.90,5120.32,11879.66
2022-12-20,2954.70,3771.98,5141.10,11867.78
2022-12-21,2967.98,3790.11,5168.98,11927.07
2022-12-22,2969.73,3776.70,5148.42,11894.85
2022-12-23,2996.69,3788.06,5154.71,11939.46
2022-12-24,2994.14,3780.60,5173.38,11948.12
2022-12-25,2970.34,3807.16,5182.80,11960.30
2022-12-26,3000.33,3821.79,5065.67,11887.79
2022-12-27,2954.96,3803.22,5180.70,11938.88
2022-12-28,2985.94,3734.85,5173.91,11894.70
2022-12-29,2949.13,3786.52,5181.29,11916.94
2022-12-30,2993.86,3824.96,5186.02,12004.84
2022-12-31,2973.68,3799.63,5187.16,11960.47
2023-01-01,3161.36,3996.47,5435.62,12593.45
2023-01-02,3140.37,3995.41,5481.62,12617.40
2023-01-03,3161.45,4034.31,5422.36,12618.12
2023-01-04,3146.51,4034.65,5484.82,12665.98
2023-01-05,3127.50,4021.18,5498.94,12647.62
2023-01-06,3155.28,4015.97,5449.14,12620.39
2023-01-07,3150.50,4008.96,5406.50,12565.96
2023-01-08,3171.73,4017.70,5486.76,12676.19
2023-01-09,3096.63,4030.90,5492.57,12620.10
2023-01-10,3150.20,4019.25,5427.57,12597.02
2023-01-11,3129.46,4007.15,5480.03,12616.64
2023-01-12,3165.12,4015.93,5500.61,12681.66
2023-01-13,3139.72,4016.13,5415.02,12570.87
2023-01-14,3157.24,3989.70,5394.01,12540.95
2023-01-15,3172.99,4023.97,5407.95,12604.91
2023-01-16,3160.87,4029.38,5397.65,12587.90
2023-01-17,3129.16,3995.82,5394.24,12519.22
2023-01-18,3128.73,3987.81,5390.28,12506.82
2023-01-19,3120.32,4018.79,5452.44,12591.55
2023-01-20,3126.06,3988.29,5420.70,12535.05
2023-01-21,3149.91,4014.16,5414.25,12578.32
2023-01-22,3160.06,3993.89,5465.85,12619.80
2023-01-23,3176.37,4004.77,5446.21,12627.35
2023-01-24,3121.73,3997.24,5442.94,12561.91
2023-01-25,3124.08,4027.43,5454.09,12605.60
2023-01-26,3145.65,4006.58,5401.58,12553.81
2023-01-27,3130.24,3982.27,5454.53,12567.04
2023-01-28,3138.91,4008.64,5382.64,12530.19
2023-01-29,3144.98,4016.36,5441.28,12602.62
2023-01-30,3162.46,4014.27,5477.42,12654.15
2023-01-31,3163.23,3985.64,5459.79,12608.66
2023-02-01,3140.11,4022.63,5460.36,12623.10
2023-02-02,3122.61,4020.05,5514.39,12657.05
2023-02-03,3147.08,3982.99,5455.18,12585.25
2023-02-04,3108.64,4049.72,5502.00,12660.36
2023-02-05,3165.33,4005.18,5459.82,12630.33
2023-02-06,3168.29,4045.13,5424.79,12638.21
2023-02-07,3136.85,3999.48,5386.37,12522.70
2023-02-08,3156.19,4021.27,5461.96,12639.42
2023-02-09,3120.48,4008.87,5444.45,12573.80
2023-02-10,3142.22,4020.25,5425.03,12587.50
2023-02-11,3145.44,4022.88,5496.78,12665.10
2023-02-12,3151.83,3992.69,5453.68,12598.20
2023-02-13,3161.04,3965.83,5471.38,12598.25
2023-02-14,3149.21,3983.85,5467.81,12600.87
2023-02-15,3167.35,3993.36,5432.78,12593.49
2023-02-16,3160.47,3969.55,5426.06,12556.08
2023-02-17,3145.37,3991.13,5465.07,12601.57
2023-02-18,3160.70,3996.69,5417.85,12575.24
2023-02-19,3143.80,3992.30,5384.55,12520.65
2023-02-20,3140.97,4012.69,5427.82,12581.48
2023-02-21,3136.77,3980.82,5453.30,12570.89
2023-02-22,3150.17,3997.02,5426.54,12573.73
2023-02-23,3166.96,4007.75,5470.15,12644.86
2023-02-24,3135.38,4009.89,5421.70,12566.97
2023-02-25,3145.98,4001.21,5457.39,12604.58
2023-02-26,3145.01,4022.28,5447.19,12614.48
2023-02-27,3157.98,4020.78,5459.27,12638.03
2023-02-28,3143.05,3975.57,5450.15,12568.77
2023-03-01,3130.44,4577.27,5459.88,13167.59
2023-03-02,3190.96,4609.13,5432.63,13232.72
2023-03-03,3139.99,4629.49,5450.90,13220.38
2023-03-04,3163.30,4647.80,5445.99,13257.09
2023-03-05,3140.52,4621.41,5481.40,13243.33
2023-03-06,3121.72,4601.24,5407.84,13130.80
2023-03-07,3135.85,4596.59,5470.52,13202.96
2023-03-08,3143.20,4582.80,5447.71,13173.71
2023-03-09,3154.65,4566.23,5446.01,13166.89
2023-03-10,3116.76,4612.49,5470.48,13199.73
2023-03-11,3135.59,4616.34,5481.47,13233.40
2023-03-12,3142.16,4630.40,5441.09,13213.65
2023-03-13,3190.45,4593.88,5415.73,13200.06
2023-03-14,3179.98,4657.79,5403.64,13241.41
2023-03-15,3111.99,4615.97,5401.80,13129.76
2023-03-16,3165.10,4589.61,5382.02,13136.73
2023-03-17,3129.02,4610.83,5472.50,13212.35
2023-03-18,3137.32,4676.40,5411.23,13224.95
2023-03-19,3163.01,4621.26,5451.56,13235.83
2023-03-20,3138.79,4605.56,5515.46,13259.81
2023-03-21,3152.78,4642.46,5466.55,13261.79
2023-03-22,3151.32,4620.67,5475.35,13247.34
2023-03-23,3158.32,4609.11,5430.01,13197.44
2023-03-24,3168.25,4646.17,5480.06,13294.48
2023-03-25,3123.64,4616.67,5459.09,13199.40
2023-03-26,3169.61,4573.64,5460.35,13203.60
2023-03-27,3159.21,4619.87,5449.00,13228.08
2023-03-28,3155.96,4631.74,5433.07,13220.77
2023-03-29,3146.98,4625.48,5448.99,13221.45
2023-03-30,3157.32,4585.26,5409.38,13151.96
2023-03-31,3140.84,4623.28,5460.49,13224.61
2023-04-01,3157.34,4600.31,5496.79,13254.44
2023-04-02,3123.40,4612.85,5466.84,13203.09
2023-04-03,3136.87,4605.66,5443.42,13185.95
2023-04-04,3127.81,4636.46,5460.86,13225.13
2023-04-05,3119.92,4597.43,5474.58,13191.93
2023-04-06,3155.11,4653.22,5477.94,13286.27
2023-04-07,3131.47,4577.08,5445.72,13154.27
2023-04-08,3128.10,4634.92,5449.77,13212.79
2023-04-09,3130.29,4615.22,5432.22,13177.73
2023-04-10,3149.26,4643.72,5419.60,13212.58
2023-04-11,3143.35,4595.88,5445.12,13184.35
2023-04-12,3133.26,4618.59,5430.45,13182.30
2023-04-13,3122.17,4641.93,5488.26,13252.36
2023-04-14,3137.95,4588.20,5468.95,13195.10
2023-04-15,3162.17,4626.99,5420.81,13209.97
2023-04-16,3154.00,4609.09,5450.11,13213.20
2023-04-17,3172.50,4592.98,5443.47,13208.95
2023-04-18,3139.22,4608.63,5470.19,13218.04
2023-04-19,3144.44,4587.33,5539.43,13271.20
2023-04-20,3132.34,4622.04,5439.45,13193.83
2023-04-21,3148.90,4619.93,5440.67,13209.50
2023-04-22,3129.05,4596.46,5472.45,13197.96
2023-04-23,3159.28,4617.28,5414.17,13190.73
2023-04-24,3106.56,4622.14,5426.92,13155.62
2023-04-25,3154.44,4608.58,5467.55,13230.57
2023-04-26,3130.11,4625.16,5463.60,13218.87
2023-04-27,3151.93,4621.87,5486.34,13260.14
2023-04-28,3134.02,4626.80,5452.30,13213.12
2023-04-29,3126.09,4606.59,5419.54,13152.22
2023-04-30,3142.11,4641.14,5379.05,13162.30
2023-05-01,3146.17,4626.36,5468.97,13241.50
2023-05-02,3109.87,4631.12,5386.62,13127.61
2023-05-03,3162.31,4600.44,5415.42,13178.17
2023-05-04,3154.69,4607.95,5422.15,13184.79
2023-05-05,3143.10,4602.48,5455.60,13201.18
2023-05-06,3159.47,4633.21,5460.37,13253.05
2023-05-07,3157.46,4604.39,5426.32,13188.17
2023-05-08,3135.42,4605.36,5360.13,13100.91
2023-05-09,3129.42,4614.71,5462.30,13206.43
2023-05-10,3156.90,4599.96,5438.27,13195.13
2023-05-11,3135.92,4667.45,5474.53,13277.90
2023-05-12,3105.72,4619.49,5463.60,13188.81
2023-05-13,3165.14,4607.51,5440.40,13213.05
2023-05-14,3148.62,4628.89,5422.31,13199.82
2023-05-15,3144.84,4604.09,5422.99,13171.92
2023-05-16,3138.10,4615.11,5433.98,13187.19
2023-05-17,3100.60,4595.13,5394.18,13089.91
2023-05-18,3128.62,4638.74,5509.47,13276.83
2023-05-19,3156.00,4624.78,5443.28,13224.06
2023-05-20,3132.18,4579.58,5486.98,13198.74
2023-05-21,3138.99,4622.90,5488.55,13250.44
2023-05-22,3141.59,4598.40,5449.23,13189.22
2023-05-23,3149.60,4618.44,5402.05,13170.09
2023-05-24,3159.60,4597.19,5395.74,13152.53
2023-05-25,3166.77,4620.58,5468.35,13255.70
2023-05-26,3170.29,4595.47,5453.01,13218.77
2023-05-27,3146.09,4565.95,5432.96,13145.00
2023-05-28,3137.87,4616.41,5439.61,13193.89
2023-05-29,3151.88,4633.01,5463.82,13248.71
2023-05-30,3107.26,4614.02,5446.59,13167.87
2023-05-31,3143.88,4642.63,5383.28,13169.79
2023-06-01,3135.95,4029.41,5424.91,12590.27
2023-06-02,3159.82,4032.99,5452.61,12645.42
2023-06-03,3144.95,3980.16,5376.26,12501.37
2023-06-04,3100.30,4029.85,5474.94,12605.09
2023-06-05,3153.51,3974.10,5474.06,12601.67
2023-06-06,3159.22,4015.43,5413.76,12588.41
2023-06-07,3126.82,3987.98,5458.76,12573.56
2023-06-08,3137.71,4051.68,5449.53,12638.92
2023-06-09,3152.93,4034.62,5391.00,12578.55
2023-06-10,3114.37,4010.74,5452.66,12577.77
2023-06-11,3146.74,3994.42,5482.37,12623.53
2023-06-12,3162.49,4016.00,5421.18,12599.67
2023-06-13,3125.76,3992.76,5430.95,12549.47
2023-06-14,3161.11,3972.76,5394.10,12527.97
2023-06-15,3173.62,4021.95,5447.59,12643.16
2023-06-16,3135.59,4008.74,5498.62,12642.95
2023-06-17,3142.47,3986.81,5420.70,12549.98
2023-06-18,3148.50,3994.77,5380.73,12524.00
2023-06-19,3169.76,3988.07,5426.06,12583.89
2023-06-20,3186.38,4022.72,5436.60,12645.70
2023-06-21,3150.80,3964.83,5436.63,12552.26
2023-06-22,3164.33,4017.87,5459.81,12642.01
2023-06-23,3156.36,4014.49,5459.20,12630.05
2023-06-24,3138.62,3983.81,5426.86,12549.29
2023-06-25,3156.60,3995.12,5492.56,12644.28
2023-06-26,3140.50,3991.94,5453.99,12586.43
2023-06-27,3139.86,3974.32,5458.41,12572.59
2023-06-28,3137.03,3995.22,5462.02,12594.27
2023-06-29,3158.45,3983.01,5478.36,12619.82
2023-06-30,3196.72,4013.32,5468.40,12678.44
2023-07-01,3118.75,4005.38,5404.40,12528.53
2023-07-02,3139.20,3997.54,5481.40,12618.14
2023-07-03,3139.42,4036.06,5437.89,12613.37
2023-07-04,3161.35,3998.48,5445.19,12605.02
2023-07-05,3151.35,4014.23,5448.91,12614.49
2023-07-06,3153.22,4044.41,5401.39,12599.02
2023-07-07,3165.77,3989.23,5489.55,12644.55
2023-07-08,3143.73,4004.24,5496.65,12644.62
2023-07-09,3149.52,4021.15,5402.86,12573.53
2023-07-10,3149.96,3993.06,5486.14,12629.16
2023-07-11,3135.61,3998.54,5477.76,12611.91
2023-07-12,3118.13,4030.25,5497.09,12645.47
2023-07-13,3158.42,4048.59,5402.56,12609.57
2023-07-14,3146.65,3980.81,5423.02,12550.48
2023-07-15,3155.52,3981.87,5514.16,12651.55
2023-07-16,3135.62,4029.58,5393.18,12558.38
2023-07-17,3133.32,3971.08,5444.40,12548.80
2023-07-18,3143.66,4013.96,5401.20,12558.82
2023-07-19,3145.33,4011.06,5399.57,12555.96
2023-07-20,3131.00,4020.68,5434.41,12586.09
2023-07-21,3096.27,3945.99,5489.77,12532.03
2023-07-22,3161.44,3991.80,5423.77,12577.01
2023-07-23,3128.56,3954.35,5414.71,12497.62
2023-07-24,3139.40,4041.33,5464.74,12645.47
2023-07-25,3141.30,3999.35,5411.28,12551.93
2023-07-26,3147.47,4014.51,5425.19,12587.17
2023-07-27,3169.88,3999.91,5472.83,12642.62
2023-07-28,3128.80,3989.38,5438.44,12556.62
2023-07-29,3159.36,4001.47,5414.70,12575.53
2023-07-30,3138.56,3998.57,5442.73,12579.86
2023-07-31,3141.70,4047.99,5416.90,12606.59
2023-08-01,3129.49,4028.17,5456.78,12614.44
2023-08-02,3147.48,4005.16,5466.00,12618.64
2023-08-03,3152.99,3988.70,5419.02,12560.71
2023-08-04,3136.04,4018.41,5437.42,12591.87
2023-08-05,3139.56,4030.84,5365.21,12535.61
2023-08-06,3155.83,3999.48,5398.16,12553.47
2023-08-07,3147.39,4017.13,5456.37,12620.89
2023-08-08,3139.74,3968.63,5442.79,12551.16
2023-08-09,3146.48,3980.32,5455.63,12582.43
2023-08-10,3152.22,3989.08,5407.33,12548.63
2023-08-11,3149.32,4008.36,5511.34,12669.02
2023-08-12,3142.88,4006.75,5461.44,12611.07
2023-08-13,3150.36,3978.40,5414.85,12543.61
2023-08-14,3127.97,4002.73,5422.59,12553.29
2023-08-15,3192.43,4013.41,5432.83,12638.67
2023-08-16,3134.06,4018.80,5434.35,12587.21
2023-08-17,3123.95,4008.97,5456.04,12588.96
2023-08-18,3145.02,4008.81,5492.35,12646.18
2023-08-19,3129.91,3985.43,5447.27,12562.61
2023-08-20,3149.18,4051.41,5406.19,12606.78
2023-08-21,3153.92,3995.18,5439.74,12588.84
2023-08-22,3127.38,3976.78,5455.14,12559.30
2023-08-23,3137.43,4007.22,5516.53,12661.18
2023-08-24,3131.50,3997.12,5502.42,12631.04
2023-08-25,3154.84,3988.64,5463.48,12606.96
2023-08-26,3149.24,4031.87,5420.67,12601.78
2023-08-27,3124.01,3964.21,5381.82,12470.04
2023-08-28,3148.31,3998.57,5430.18,12577.06
2023-08-29,3124.63,4033.76,5503.17,12661.56
2023-08-30,3123.24,3994.62,5430.60,12548.46
2023-08-31,3168.01,4030.44,5465.01,12663.46
2023-09-01,3142.86,4001.15,5433.53,12577.54
2023-09-02,3135.87,3997.98,5420.60,12554.45
2023-09-03,3192.30,4005.66,5405.08,12603.04
2023-09-04,3169.33,4012.62,5440.13,12622.08
2023-09-05,3148.13,4037.75,5430.54,12616.42
2023-09-06,3133.76,4013.54,5459.96,12607.26
2023-09-07,3149.03,4033.76,5400.17,12582.96
2023-09-08,3160.14,3978.29,5466.18,12604.61
2023-09-09,3156.14,3998.89,5437.93,12592.96
2023-09-10,3148.97,4022.53,5458.24,12629.74
2023-09-11,3113.05,3982.73,5478.02,12573.80
2023-09-12,3153.51,4017.88,5408.18,12579.57
2023-09-13,3147.02,4029.94,5462.23,12639.19
2023-09-14,3169.86,4036.28,5463.93,12670.07
2023-09-15,3179.24,3997.90,5472.11,12649.25
2023-09-16,3140.46,3962.19,5433.18,12535.83
2023-09-17,3115.81,4034.65,5448.94,12599.40
2023-09-18,3131.00,4028.58,5411.03,12570.61
2023-09-19,3143.87,4026.79,5457.69,12628.35
2023-09-20,3125.25,4002.75,5410.79,12538.79
2023-09-21,3150.34,4011.23,5466.85,12628.42
2023-09-22,3157.77,4003.08,5460.56,12621.41
2023-09-23,3129.02,4011.29,5434.80,12575.11
2023-09-24,3131.45,4040.95,5475.99,12648.39
2023-09-25,3136.99,4007.73,5442.75,12587.47
2023-09-26,3129.50,3985.77,5413.03,12528.30
2023-09-27,3136.57,3995.57,5426.12,12558.26
2023-09-28,3170.10,3999.31,5414.53,12583.94
2023-09-29,3150.80,4010.14,5474.59,12635.53
2023-09-30,3132.53,4006.22,5362.75,12501.50
2023-10-01,3157.67,4028.99,5463.33,12649.99
2023-10-02,3166.17,4008.44,5492.79,12667.40
2023-10-03,3165.36,4019.88,5479.22,12664.46
2023-10-04,3155.22,4057.22,5456.77,12669.21
2023-10-05,3148.44,4006.52,5501.91,12656.87
2023-10-06,3125.76,3983.83,5464.25,12573.84
2023-10-07,3159.57,4039.39,5442.13,12641.09
2023-10-08,3132.41,3981.32,5464.72,12578.45
2023-10-09,3142.39,4008.64,5438.66,12589.69
2023-10-10,3160.23,3974.77,5410.15,12545.15
2023-10-11,3163.01,3988.95,5509.00,12660.96
2023-10-12,3161.98,4017.17,5488.28,12667.43
2023-10-13,3153.48,4014.10,5475.07,12642.65
2023-10-14,3167.23,3970.45,5448.74,12586.42
2023-10-15,3120.88,3998.97,5421.13,12540.98
2023-10-16,3166.01,3964.64,5461.14,12591.79
2023-10-17,3140.46,4018.72,5407.46,12566.64
2023-10-18,3143.53,3973.60,5471.41,12588.54
2023-10-19,3129.29,4004.82,5420.63,12554.74
2023-10-20,3130.59,4010.72,5436.71,12578.02
2023-10-21,3190.05,3988.94,5388.06,12567.05
2023-10-22,3150.36,4001.05,5448.09,12599.50
2023-10-23,3145.71,3999.98,5473.65,12619.34
2023-10-24,3139.80,4005.03,5451.22,12596.05
2023-10-25,3160.04,4010.16,5425.31,12595.51
2023-10-26,3120.44,4009.57,5479.19,12609.20
2023-10-27,3125.31,4010.54,5485.89,12621.74
2023-10-28,3135.18,4012.23,5465.95,12613.36
2023-10-29,3163.09,3995.77,5431.28,12590.14
2023-10-30,3119.57,4004.83,5434.86,12559.26
2023-10-31,3155.69,4009.14,5443.92,12608.75
2023-11-01,3131.93,4025.19,5475.03,12632.15
2023-11-02,3149.72,4020.34,5411.20,12581.26
2023-11-03,3133.46,4038.73,5475.44,12647.63
2023-11-04,3166.09,4002.14,5455.95,12624.18
2023-11-05,3151.51,3978.76,5477.02,12607.29
2023-11-06,3175.45,3999.45,5439.67,12614.57
2023-11-07,3144.18,4011.68,5376.64,12532.50
2023-11-08,3158.11,3998.03,5398.11,12554.25
2023-11-09,3157.13,4005.13,5496.98,12659.24
2023-11-10,3147.87,4005.73,5436.15,12589.75
2023-11-11,3142.85,3987.07,5444.10,12574.02
2023-11-12,3139.29,4015.53,5406.84,12561.66
2023-11-13,3145.68,3990.89,5462.19,12598.76
2023-11-14,3126.91,4010.48,5418.54,12555.93
2023-11-15,3123.23,4023.36,5426.74,12573.33
2023-11-16,3167.25,4010.48,5433.36,12611.09
2023-11-17,3179.60,3950.09,5480.13,12609.82
2023-11-18,3165.92,3969.81,5412.88,12548.61
2023-11-19,3138.58,4000.86,5389.89,12529.33
2023-11-20,3122.62,4026.64,5464.34,12613.60
2023-11-21,3156.18,4008.72,5428.48,12593.38
2023-11-22,3132.58,4020.75,5354.12,12507.45
2023-11-23,3175.67,3983.97,5395.83,12555.47
2023-11-24,3170.08,4011.49,5484.15,12665.72
2023-11-25,3148.07,4000.03,5394.48,12542.58
2023-11-26,3142.82,4010.17,5389.15,12542.14
2023-11-27,3140.03,4010.00,5473.28,12623.31
2023-11-28,3109.13,4003.81,5511.73,12624.67
2023-11-29,3140.31,4056.47,5412.22,12609.00
2023-11-30,3125.35,4006.37,5480.38,12612.10
2023-12-01,3138.21,3990.38,5390.73,12519.32
2023-12-02,3151.59,3988.69,5361.27,12501.55
2023-12-03,3146.67,4029.80,5473.89,12650.36
2023-12-04,3159.43,4004.17,5484.09,12647.69
2023-12-05,3147.24,3993.83,5460.96,12602.03
2023-12-06,3187.48,4026.87,5496.39,12710.74
2023-12-07,3143.32,4017.38,5448.88,12609.58
2023-12-08,3154.88,4044.31,5442.71,12641.90
2023-12-09,3148.28,4011.71,5430.74,12590.73
2023-12-10,3144.19,4025.43,5410.87,12580.49
2023-12-11,3145.09,4028.42,5442.50,12616.01
2023-12-12,3146.47,4008.25,5400.51,12555.23
2023-12-13,3178.87,3996.80,5461.96,12637.63
2023-12-14,3156.11,4018.86,5367.33,12542.30
2023-12-15,3148.00,4015.17,5454.67,12617.84
2023-12-16,3142.60,4001.27,5431.34,12575.21
2023-12-17,3126.08,3985.62,5448.65,12560.35
2023-12-18,3159.05,4007.07,5425.94,12592.06
2023-12-19,3149.41,4025.77,5431.81,12606.99
2023-12-20,3154.17,4014.23,5452.44,12620.84
2023-12-21,3135.64,4006.05,5438.04,12579.73
2023-12-22,3136.16,4010.30,5463.22,12609.68
2023-12-23,3129.90,4008.64,5482.21,12620.75
2023-12-24,3137.77,3987.98,5480.95,12606.70
2023-12-25,3142.34,4001.73,5439.59,12583.66
2023-12-26,3144.31,4019.93,5413.17,12577.41
2023-12-27,3152.89,3988.45,5431.98,12573.32
2023-12-28,3144.35,3997.20,5478.20,12619.75
2023-12-29,3151.12,3995.18,5415.55,12561.85
2023-12-30,3129.64,4041.23,5417.96,12588.83
2023-12-31,3149.17,4021.89,5466.93,12637.99
2024-01-01,3310.65,4243.76,5773.68,13328.09
2024-01-02,3316.63,4212.78,5731.14,13260.55
2024-01-03,3306.85,4241.93,5771.39,13320.17
2024-01-04,3300.33,4222.38,5742.90,13265.61
2024-01-05,3306.47,4226.13,5754.85,13287.45
2024-01-06,3348.06,4241.04,5795.38,13384.48
2024-01-07,3328.83,4249.02,5733.59,13311.44
2024-01-08,3313.41,4228.03,5748.91,13290.35
2024-01-09,3297.02,4207.55,5687.54,13192.11
2024-01-10,3323.63,4243.46,5776.31,13343.40
2024-01-11,3341.59,4206.34,5669.89,13217.82
2024-01-12,3310.83,4272.80,5727.39,13311.02
2024-01-13,3300.13,4216.94,5736.32,13253.39
2024-01-14,3296.79,4199.67,5745.01,13241.47
2024-01-15,3310.07,4228.17,5671.43,13209.67
2024-01-16,3327.86,4214.56,5756.82,13299.24
2024-01-17,3318.24,4295.78,5788.37,13402.39
2024-01-18,3298.64,4213.04,5714.15,13225.83
2024-01-19,3334.24,4221.85,5677.94,13234.03
2024-01-20,3342.02,4245.26,5790.46,13377.74
2024-01-21,3320.81,4235.27,5759.87,13315.95
2024-01-22,3301.50,4209.29,5783.86,13294.65
2024-01-23,3289.57,4189.15,5778.71,13257.43
2024-01-24,3312.49,4237.47,5766.54,13316.50
2024-01-25,3330.48,4264.19,5705.92,13300.59
2024-01-26,3325.51,4227.74,5694.47,13247.72
2024-01-27,3319.54,4199.54,5708.58,13227.66
2024-01-28,3308.56,4207.02,5714.47,13230.05
2024-01-29,3327.49,4211.37,5695.60,13234.46
2024-01-30,3291.46,4222.78,5812.43,13326.67
2024-01-31,3318.76,4202.70,5682.45,13203.91
2024-02-01,3349.56,4207.57,5720.82,13277.95
2024-02-02,3300.63,4187.84,5722.88,13211.35
2024-02-03,3324.13,4218.70,5730.87,13273.70
2024-02-04,3317.60,4212.56,5738.57,13268.73
2024-02-05,3307.82,4203.00,5798.09,13308.91
2024-02-06,3376.78,4218.39,5731.61,13326.78
2024-02-07,3310.34,4240.75,5763.61,13314.70
2024-02-08,3333.35,4240.12,5782.35,13355.82
2024-02-09,3315.87,4253.27,5666.49,13235.63
2024-02-10,3342.28,4212.63,5767.24,13322.15
2024-02-11,3300.84,4184.35,5701.54,13186.73
2024-02-12,3306.42,4218.58,5713.29,13238.29
2024-02-13,3274.60,4224.60,5828.57,13327.77
2024-02-14,3334.17,4216.25,5683.17,13233.59
2024-02-15,3308.30,4210.29,5723.50,13242.09
2024-02-16,3296.14,4229.82,5731.21,13257.17
2024-02-17,3321.40,4225.22,5764.33,13310.95
2024-02-18,3318.33,4188.93,5755.53,13262.79
2024-02-19,3297.54,4176.22,5788.18,13261.94
2024-02-20,3329.39,4234.02,5682.63,13246.04
2024-02-21,3289.35,4214.78,5684.56,13188.69
2024-02-22,3293.42,4225.24,5793.03,13311.69
2024-02-23,3302.61,4217.53,5754.65,13274.79
2024-02-24,3323.00,4241.61,5699.57,13264.18
2024-02-25,3308.31,4222.38,5741.67,13272.36
2024-02-26,3288.62,4240.05,5730.24,13258.91
2024-02-27,3293.15,4166.25,5695.06,13154.46
2024-02-28,3308.24,4244.42,5764.23,13316.89
2024-02-29,3324.40,4222.19,5782.94,13329.53
2024-03-01,3364.29,4874.96,5750.22,13989.47
2024-03-02,3298.77,4871.07,5727.72,13897.56
2024-03-03,3327.80,4861.40,5708.94,13898.14
2024-03-04,3343.13,4872.63,5721.44,13937.20
2024-03-05,3326.01,4874.88,5700.98,13901.87
2024-03-06,3303.72,4825.70,5737.11,13866.53
2024-03-07,3290.77,4887.62,5721.77,13900.16
2024-03-08,3324.97,4820.31,5730.33,13875.61
2024-03-09,3305.43,4882.59,5750.53,13938.55
2024-03-10,3343.30,4901.35,5673.26,13917.91
2024-03-11,3318.40,4834.45,5773.97,13926.82
2024-03-12,3338.74,4865.87,5662.19,13866.80
2024-03-13,3305.99,4802.10,5728.72,13836.81
2024-03-14,3321.52,4868.78,5732.18,13922.48
2024-03-15,3312.92,4880.85,5775.53,13969.30
2024-03-16,3298.65,4843.23,5695.86,13837.74
2024-03-17,3326.86,4845.18,5713.97,13886.01
2024-03-18,3324.49,4904.17,5640.87,13869.53
2024-03-19,3311.37,4859.69,5746.34,13917.40
2024-03-20,3320.94,4844.13,5773.16,13938.23
2024-03-21,3301.44,4836.28,5791.71,13929.43
2024-03-22,3320.86,4846.24,5774.20,13941.30
2024-03-23,3304.67,4851.87,5734.56,13891.10
2024-03-24,3297.66,4857.36,5767.46,13922.48
2024-03-25,3326.40,4859.41,5739.17,13924.98
2024-03-26,3312.03,4844.34,5771.80,13928.17
2024-03-27,3343.74,4838.80,5708.84,13891.38
2024-03-28,3296.10,4850.38,5690.32,13836.80
2024-03-29,3304.66,4841.21,5708.74,13854.61
2024-03-30,3312.19,4865.17,5709.03,13886.39
2024-03-31,3313.46,4844.19,5710.45,13868.10
2024-04-01,3294.71,4869.13,5741.02,13904.86
2024-04-02,3312.63,4873.08,5753.63,13939.34
2024-04-03,3304.88,4853.07,5710.40,13868.35
2024-04-04,3347.83,4829.69,5775.84,13953.36
2024-04-05,3298.15,4843.97,5763.32,13905.44
2024-04-06,3328.74,4865.01,5705.57,13899.32
2024-04-07,3328.81,4863.81,5737.53,13930.15
2024-04-08,3327.94,4866.87,5791.01,13985.82
2024-04-09,3348.65,4831.64,5771.44,13951.73
2024-04-10,3311.13,4815.77,5713.48,13840.38
2024-04-11,3322.06,4883.48,5740.15,13945.69
2024-04-12,3294.80,4867.89,5711.03,13873.72
2024-04-13,3298.09,4856.47,5701.42,13855.98
2024-04-14,3311.70,4898.57,5714.95,13925.22
2024-04-15,3315.53,4841.21,5695.22,13851.96
2024-04-16,3320.21,4874.25,5755.95,13950.41
2024-04-17,3320.49,4859.69,5744.10,13924.28
2024-04-18,3324.53,4846.13,5840.42,14011.08
2024-04-19,3303.42,4826.01,5689.90,13819.33
2024-04-20,3345.38,4872.85,5649.25,13867.48
2024-04-21,3296.42,4840.67,5733.13,13870.22
2024-04-22,3297.99,4892.88,5776.46,13967.33
2024-04-23,3330.86,4867.12,5726.61,13924.59
2024-04-24,3320.15,4905.55,5748.09,13973.79
2024-04-25,3318.43,4854.21,5673.27,13845.91
2024-04-26,3291.13,4870.03,5747.94,13909.10
2024-04-27,3290.80,4868.46,5744.37,13903.63
2024-04-28,3303.30,4855.25,5697.40,13855.95
2024-04-29,3282.46,4803.01,5803.68,13889.15
2024-04-30,3295.53,4877.96,5695.27,13868.76
2024-05-01,3313.62,4842.05,5717.59,13873.26
2024-05-02,3311.95,4851.40,5766.30,13929.65
2024-05-03,3318.86,4831.20,5736.81,13886.87
2024-05-04,3314.67,4848.67,5718.77,13882.11
2024-05-05,3329.04,4840.93,5700.96,13870.93
2024-05-06,3312.92,4882.75,5705.83,13901.50
2024-05-07,3314.95,4894.35,5726.92,13936.22
2024-05-08,3287.57,4857.73,5735.44,13880.74
2024-05-09,3297.12,4887.85,5741.02,13925.99
2024-05-10,3313.30,4852.42,5734.61,13900.33
2024-05-11,3338.61,4857.66,5781.88,13978.15
2024-05-12,3292.10,4887.90,5696.83,13876.83
2024-05-13,3317.87,4857.44,5750.20,13925.51
2024-05-14,3305.33,4894.80,5791.85,13991.98
2024-05-15,3292.63,4882.53,5727.15,13902.31
2024-05-16,3327.33,4835.77,5717.65,13880.75
2024-05-17,3317.59,4838.82,5773.36,13929.77
2024-05-18,3295.01,4835.75,5737.45,13868.21
2024-05-19,3325.70,4861.57,5687.17,13874.44
2024-05-20,3281.35,4879.55,5666.13,13827.03
2024-05-21,3333.51,4878.57,5725.02,13937.10
2024-05-22,3327.44,4875.58,5730.76,13933.78
2024-05-23,3299.53,4869.78,5713.12,13882.43
2024-05-24,3311.12,4852.05,5743.51,13906.68
2024-05-25,3325.18,4880.13,5702.00,13907.31
2024-05-26,3292.46,4869.74,5687.94,13850.14
2024-05-27,3348.30,4872.26,5757.00,13977.56
2024-05-28,3318.89,4846.38,5711.68,13876.95
2024-05-29,3342.93,4834.15,5768.04,13945.12
2024-05-30,3276.17,4830.52,5684.04,13790.73
2024-05-31,3321.41,4872.29,5765.09,13958.79
2024-06-01,3332.84,4218.11,5773.66,13324.61
2024-06-02,3301.84,4198.70,5707.08,13207.62
2024-06-03,3299.27,4194.09,5695.17,13188.53
2024-06-04,3300.31,4223.96,5742.97,13267.24
2024-06-05,3281.55,4187.11,5695.36,13164.02
2024-06-06,3302.30,4205.34,5700.89,13208.53
2024-06-07,3325.61,4229.75,5736.65,13292.01
2024-06-08,3305.44,4226.33,5758.32,13290.09
2024-06-09,3326.01,4250.03,5773.87,13349.91
2024-06-10,3319.17,4232.94,5711.48,13263.59
2024-06-11,3316.97,4255.52,5733.59,13306.08
2024-06-12,3323.93,4223.27,5746.66,13293.86
2024-06-13,3282.33,4217.07,5748.91,13248.31
2024-06-14,3310.06,4150.59,5784.83,13245.48
2024-06-15,3309.37,4251.54,5746.61,13307.52
2024-06-16,3282.78,4242.96,5730.02,13255.76
2024-06-17,3318.16,4224.92,5759.04,13302.12
2024-06-18,3286.68,4224.40,5641.41,13152.49
2024-06-19,3325.36,4274.61,5739.24,13339.21
2024-06-20,3333.46,4206.86,5787.52,13327.84
2024-06-21,3335.62,4230.00,5678.37,13243.99
2024-06-22,3325.01,4221.44,5750.36,13296.81
2024-06-23,3289.64,4240.24,5728.76,13258.64
2024-06-24,3326.67,4233.29,5764.12,13324.08
2024-06-25,3328.70,4196.19,5714.01,13238.90
2024-06-26,3333.84,4203.00,5748.43,13285.27
2024-06-27,3298.20,4219.26,5764.43,13281.89
2024-06-28,3332.73,4264.95,5760.48,13358.16
2024-06-29,3302.78,4245.87,5684.15,13232.80
2024-06-30,3281.38,4213.89,5688.51,13183.78
2024-07-01,3305.95,4236.14,5741.40,13283.49
2024-07-02,3313.34,4212.59,5783.28,13309.21
2024-07-03,3312.65,4216.03,5747.79,13276.47
2024-07-04,3267.05,4250.31,5704.98,13222.34
2024-07-05,3306.95,4225.33,5755.09,13287.37
2024-07-06,3303.95,4215.41,5723.77,13243.13
2024-07-07,3341.14,4188.08,5734.98,13264.20
2024-07-08,3307.19,4206.49,5712.26,13225.94
2024-07-09,3308.37,4213.93,5761.44,13283.74
2024-07-10,3316.16,4185.86,5766.77,13268.79
2024-07-11,3290.86,4201.23,5753.06,13245.15
2024-07-12,3297.65,4208.55,5747.65,13253.85
2024-07-13,3300.44,4245.63,5751.07,13297.14
2024-07-14,3295.53,4207.64,5746.41,13249.58
2024-07-15,3356.09,4200.33,5737.65,13294.07
2024-07-16,3320.44,4250.23,5703.07,13273.74
2024-07-17,3332.83,4245.77,5639.21,13217.81
2024-07-18,3332.42,4246.26,5696.10,13274.78
2024-07-19,3287.07,4259.73,5687.13,13233.93
2024-07-20,3327.40,4207.06,5799.16,13333.62
2024-07-21,3340.58,4212.48,5719.59,13272.65
2024-07-22,3321.97,4217.70,5761.44,13301.11
2024-07-23,3330.51,4188.00,5691.91,13210.42
2024-07-24,3296.39,4234.28,5750.18,13280.85
2024-07-25,3313.16,4214.10,5752.29,13279.55
2024-07-26,3304.90,4203.09,5676.90,13184.89
2024-07-27,3327.50,4212.15,5711.66,13251.31
2024-07-28,3305.88,4191.59,5750.69,13248.16
2024-07-29,3335.66,4204.96,5711.98,13252.60
2024-07-30,3333.37,4219.32,5645.84,13198.53
2024-07-31,3294.25,4224.57,5787.78,13306.60
2024-08-01,3305.53,4183.74,5731.99,13221.26
2024-08-02,3278.79,4230.85,5757.87,13267.51
2024-08-03,3319.66,4216.91,5667.25,13203.82
2024-08-04,3319.04,4211.54,5723.19,13253.77
2024-08-05,3305.99,4213.63,5699.03,13218.65
2024-08-06,3298.84,4217.09,5734.83,13250.76
2024-08-07,3308.71,4250.61,5739.09,13298.41
2024-08-08,3303.33,4192.36,5706.30,13201.99
2024-08-09,3306.47,4184.66,5694.98,13186.11
2024-08-10,3305.87,4243.92,5753.29,13303.08
2024-08-11,3312.27,4235.35,5754.26,13301.88
2024-08-12,3320.12,4253.30,5736.14,13309.56
2024-08-13,3333.80,4241.06,5723.99,13298.85
2024-08-14,3317.56,4221.90,5768.94,13308.40
2024-08-15,3306.54,4211.66,5720.15,13238.35
2024-08-16,3328.74,4183.16,5687.70,13199.60
2024-08-17,3287.75,4203.46,5729.07,13220.28
2024-08-18,3315.08,4249.35,5736.87,13301.30
2024-08-19,3308.01,4193.36,5655.83,13157.20
2024-08-20,3306.24,4230.67,5713.79,13250.70
2024-08-21,3303.52,4234.76,5728.38,13266.66
2024-08-22,3309.31,4248.42,5766.39,13324.12
2024-08-23,3329.18,4213.34,5772.20,13314.72
2024-08-24,3331.38,4222.61,5731.35,13285.34
2024-08-25,3312.35,4255.53,5845.85,13413.73
2024-08-26,3299.66,4172.54,5814.45,13286.65
2024-08-27,3351.39,4195.68,5674.14,13221.21
2024-08-28,3305.61,4243.89,5764.35,13313.85
2024-08-29,3326.59,4196.77,5669.71,13193.07
2024-08-30,3295.42,4225.29,5763.80,13284.51
2024-08-31,3326.47,4245.57,5711.26,13283.30
2024-09-01,3288.70,4224.35,5759.11,13272.16
2024-09-02,3346.55,4194.18,5665.47,13206.20
2024-09-03,3338.77,4226.57,5718.67,13284.01
2024-09-04,3323.79,4208.65,5732.40,13264.84
2024-09-05,3281.70,4210.06,5770.54,13262.30
2024-09-06,3292.95,4218.28,5739.83,13251.06
2024-09-07,3294.25,4172.65,5774.34,13241.24
2024-09-08,3332.70,4180.34,5734.88,13247.92
2024-09-09,3320.35,4202.48,5752.50,13275.33
2024-09-10,3325.09,4264.19,5665.38,13254.66
2024-09-11,3311.50,4197.67,5815.03,13324.20
2024-09-12,3291.59,4195.87,5737.87,13225.33
2024-09-13,3327.02,4230.12,5707.48,13264.62
2024-09-14,3286.50,4217.95,5776.38,13280.83
2024-09-15,3300.60,4175.55,5774.68,13250.83
2024-09-16,3329.13,4225.08,5695.88,13250.09
2024-09-17,3293.19,4244.64,5755.60,13293.43
2024-09-18,3300.54,4255.25,5753.12,13308.91
2024-09-19,3364.15,4251.56,5752.14,13367.85
2024-09-20,3322.22,4212.40,5746.63,13281.25
2024-09-21,3294.21,4230.09,5761.46,13285.76
2024-09-22,3340.75,4166.07,5756.21,13263.03
2024-09-23,3297.61,4240.24,5773.85,13311.70
2024-09-24,3298.51,4224.73,5779.11,13302.35
2024-09-25,3304.08,4243.68,5739.24,13287.00
2024-09-26,3335.96,4254.82,5693.44,13284.22
2024-09-27,3320.00,4206.15,5754.59,13280.74
2024-09-28,3296.52,4232.36,5709.99,13238.87
2024-09-29,3290.45,4284.15,5734.37,13308.97
2024-09-30,3360.83,4215.34,5710.48,13286.65
2024-10-01,3330.26,4225.80,5763.88,13319.94
2024-10-02,3332.71,4236.40,5737.86,13306.97
2024-10-03,3289.59,4206.54,5680.36,13176.49
2024-10-04,3325.72,4222.87,5731.36,13279.95
2024-10-05,3273.53,4205.73,5775.27,13254.53
2024-10-06,3302.89,4159.98,5723.33,13186.20
2024-10-07,3299.66,4245.25,5712.28,13257.19
2024-10-08,3330.45,4192.80,5762.69,13285.94
2024-10-09,3316.69,4202.69,5775.42,13294.80
2024-10-10,3314.40,4231.27,5686.56,13232.23
2024-10-11,3310.60,4209.41,5697.07,13217.08
2024-10-12,3300.39,4190.56,5654.62,13145.57
2024-10-13,3322.61,4224.05,5707.00,13253.66
2024-10-14,3319.60,4199.46,5775.19,13294.25
2024-10-15,3323.04,4244.09,5640.71,13207.84
2024-10-16,3288.56,4236.04,5683.97,13208.57
2024-10-17,3298.80,4210.66,5724.17,13233.63
2024-10-18,3296.17,4233.02,5779.67,13308.86
2024-10-19,3357.24,4248.89,5707.34,13313.47
2024-10-20,3279.23,4228.07,5735.80,13243.10
2024-10-21,3305.97,4203.24,5686.46,13195.67
2024-10-22,3326.50,4234.14,5665.92,13226.56
2024-10-23,3302.79,4251.92,5757.65,13312.36
2024-10-24,3320.74,4188.72,5752.05,13261.51
2024-10-25,3327.85,4209.86,5697.19,13234.90
2024-10-26,3316.36,4211.88,5724.48,13252.72
2024-10-27,3313.93,4212.98,5716.48,13243.39
2024-10-28,3292.97,4249.63,5753.06,13295.66
2024-10-29,3310.95,4233.23,5730.74,13274.92
2024-10-30,3301.41,4200.91,5754.78,13257.10
2024-10-31,3334.78,4223.53,5708.25,13266.56
2024-11-01,3318.74,4191.05,5747.79,13257.58
2024-11-02,3304.44,4212.88,5682.37,13199.69
2024-11-03,3353.09,4225.91,5756.08,13335.08
2024-11-04,3316.67,4220.30,5706.12,13243.09
2024-11-05,3299.14,4203.81,5729.50,13232.45
2024-11-06,3322.38,4196.60,5732.87,13251.85
2024-11-07,3305.85,4195.63,5690.24,13191.72
2024-11-08,3310.35,4221.35,5790.97,13322.67
2024-11-09,3309.39,4255.72,5779.93,13345.04
2024-11-10,3329.76,4233.40,5728.94,13292.10
2024-11-11,3321.42,4204.23,5772.10,13297.75
2024-11-12,3338.95,4197.36,5734.38,13270.69
2024-11-13,3323.81,4258.86,5691.27,13273.94
2024-11-14,3269.24,4222.63,5744.94,13236.81
2024-11-15,3316.82,4180.80,5678.05,13175.67
2024-11-16,3302.43,4226.26,5713.00,13241.69
2024-11-17,3298.60,4190.31,5702.73,13191.64
2024-11-18,3304.75,4230.88,5762.59,13298.22
2024-11-19,3296.13,4196.75,5765.87,13258.75
2024-11-20,3305.68,4200.58,5756.60,13262.86
2024-11-21,3317.21,4233.73,5749.20,13300.14
2024-11-22,3331.56,4265.30,5845.29,13442.15
2024-11-23,3295.76,4230.49,5792.88,13319.13
2024-11-24,3324.71,4235.88,5699.03,13259.62
2024-11-25,3310.92,4224.53,5757.57,13293.02
2024-11-26,3313.22,4235.50,5700.40,13249.12
2024-11-27,3321.01,4225.91,5763.75,13310.67
2024-11-28,3323.06,4212.99,5758.76,13294.81
2024-11-29,3291.25,4232.41,5782.39,13306.05
2024-11-30,3273.94,4215.46,5714.71,13204.11
2024-12-01,3305.15,4229.93,5800.06,13335.14
2024-12-02,3340.84,4197.97,5734.81,13273.62
2024-12-03,3293.19,4222.34,5730.14,13245.67
2024-12-04,3285.81,4269.82,5755.93,13311.56
2024-12-05,3312.02,4194.60,5762.09,13268.71
2024-12-06,3273.94,4226.12,5666.69,13166.75
2024-12-07,3314.79,4183.36,5769.66,13267.81
2024-12-08,3308.36,4222.26,5689.54,13220.16
2024-12-09,3304.08,4258.44,5691.14,13253.66
2024-12-10,3320.50,4216.83,5695.08,13232.41
2024-12-11,3274.01,4210.25,5785.07,13269.33
2024-12-12,3347.91,4234.34,5738.99,13321.24
2024-12-13,3326.30,4236.50,5673.65,13236.45
2024-12-14,3306.43,4195.96,5685.22,13187.61
2024-12-15,3325.14,4221.56,5785.78,13332.48
2024-12-16,3288.48,4238.79,5701.34,13228.61
2024-12-17,3335.52,4217.29,5725.93,13278.74
2024-12-18,3319.48,4230.66,5751.42,13301.56
2024-12-19,3298.01,4227.59,5693.60,13219.20
2024-12-20,3330.06,4193.26,5707.33,13230.65
2024-12-21,3319.43,4226.73,5686.43,13232.59
2024-12-22,3320.29,4218.63,5747.24,13286.16
2024-12-23,3335.39,4205.60,5760.15,13301.14
2024-12-24,3288.51,4261.31,5706.89,13256.71
2024-12-25,3328.76,4184.55,5716.49,13229.80
2024-12-26,3310.54,4206.25,5769.58,13286.37
2024-12-27,3332.17,4222.54,5766.38,13321.09
2024-12-28,3292.42,4232.21,5809.24,13333.87
2024-12-29,3287.21,4196.86,5775.00,13259.07
2024-12-30,3322.31,4255.29,5680.58,13258.18
2024-12-31,3326.05,4238.44,5752.17,13316.66
2025-01-01,3472.59,4408.42,5984.54,13865.55
2025-01-02,3489.31,4409.23,6070.01,13968.55
2025-01-03,3469.14,4436.93,6080.81,13986.88
2025-01-04,3483.51,4426.80,5977.76,13888.07
2025-01-05,3506.21,4415.43,6023.44,13945.08
2025-01-06,3475.63,4415.34,6067.34,13958.31
2025-01-07,3453.16,4435.90,6015.66,13904.72
2025-01-08,3482.44,4435.82,6030.90,13949.16
2025-01-09,3468.26,4462.75,5956.43,13887.44
2025-01-10,3509.82,4450.23,5967.17,13927.22
2025-01-11,3506.20,4427.18,5962.36,13895.74
2025-01-12,3487.31,4456.73,6022.23,13966.27
2025-01-13,3513.84,4473.20,5969.10,13956.14
2025-01-14,3502.86,4426.45,5997.66,13926.97
2025-01-15,3493.65,4389.98,6010.20,13893.83
2025-01-16,3439.39,4396.89,5975.38,13811.66
2025-01-17,3475.85,4433.89,5986.55,13896.29
2025-01-18,3497.25,4448.58,5989.68,13935.51
2025-01-19,3493.10,4457.80,5985.84,13936.74
2025-01-20,3464.39,4397.47,6047.92,13909.78
2025-01-21,3471.00,4446.51,6031.60,13949.11
2025-01-22,3464.36,4437.53,5956.03,13857.92
2025-01-23,3517.18,4402.60,5985.16,13904.94
2025-01-24,3467.48,4446.54,6049.02,13963.04
2025-01-25,3456.21,4488.97,5962.79,13907.97
2025-01-26,3502.04,4436.44,5951.34,13889.82
2025-01-27,3462.86,4461.24,6083.46,14007.56
2025-01-28,3480.09,4417.58,6044.42,13942.09
2025-01-29,3462.33,4449.06,6013.36,13924.75
2025-01-30,3485.31,4404.07,6000.55,13889.93
2025-01-31,3492.40,4448.99,6002.17,13943.56
2025-02-01,3508.28,4456.93,5994.30,13959.51
2025-02-02,3442.28,4452.18,5969.21,13863.67
2025-02-03,3467.11,4459.94,6076.54,14003.59
2025-02-04,3502.87,4461.11,6048.15,14012.13
2025-02-05,3480.59,4423.41,6002.79,13906.79
2025-02-06,3483.80,4423.94,6064.75,13972.49
2025-02-07,3473.47,4379.53,6007.58,13860.58
2025-02-08,3469.33,4458.84,5972.81,13900.98
2025-02-09,3441.83,4418.29,6024.13,13884.25
2025-02-10,3483.15,4402.58,6069.00,13954.73
2025-02-11,3460.69,4452.20,6022.84,13935.73
2025-02-12,3458.57,4459.94,6042.27,13960.78
2025-02-13,3482.50,4426.78,6035.87,13945.15
2025-02-14,3479.68,4436.24,6028.39,13944.31
2025-02-15,3500.07,4419.24,6054.65,13973.96
2025-02-16,3474.68,4414.64,6035.69,13925.01
2025-02-17,3459.65,4427.57,5999.83,13887.05
2025-02-18,3471.47,4442.15,6033.86,13947.48
2025-02-19,3524.30,4458.35,6075.26,14057.91
2025-02-20,3507.17,4393.42,6054.76,13955.35
2025-02-21,3467.50,4479.99,6087.10,14034.59
2025-02-22,3472.98,4463.96,6055.47,13992.41
2025-02-23,3458.05,4462.04,5985.50,13905.59
2025-02-24,3492.95,4411.51,6015.56,13920.02
2025-02-25,3498.97,4454.37,6045.14,13998.48
2025-02-26,3505.44,4468.53,6010.87,13984.84
2025-02-27,3482.25,4399.49,6058.79,13940.53
2025-02-28,3507.01,4436.83,6054.21,13998.05
2025-03-01,3472.41,5100.35,6031.57,14604.33
2025-03-02,3451.06,5112.17,6029.27,14592.50
2025-03-03,3469.48,5070.90,6036.90,14577.28
2025-03-04,3488.43,5121.20,6058.58,14668.21
2025-03-05,3495.97,5109.73,6040.15,14645.85
2025-03-06,3469.53,5098.73,5996.29,14564.55
2025-03-07,3491.83,5112.95,5992.00,14596.78
2025-03-08,3476.43,5129.81,6073.09,14679.33
2025-03-09,3489.93,5092.97,5957.20,14540.10
2025-03-10,3485.42,5076.74,6061.82,14623.98
2025-03-11,3455.63,5116.39,6015.69,14587.71
2025-03-12,3479.16,5093.37,6056.71,14629.24
2025-03-13,3500.19,5157.13,6086.88,14744.20
2025-03-14,3477.74,5096.99,5981.42,14556.15
2025-03-15,3512.10,5111.56,6032.93,14656.59
2025-03-16,3488.08,5116.61,6005.14,14609.83
2025-03-17,3469.38,5080.22,6048.53,14598.13
2025-03-18,3492.07,5116.33,6086.53,14694.93
2025-03-19,3464.06,5059.34,6043.66,14567.06
2025-03-20,3475.94,5099.35,6139.74,14715.03
2025-03-21,3466.17,5074.39,5970.13,14510.69
2025-03-22,3506.25,5116.49,6010.20,14632.94
2025-03-23,3485.46,5096.65,5994.77,14576.88
2025-03-24,3496.02,5114.40,6052.01,14662.43
2025-03-25,3507.01,5117.21,5983.25,14607.47
2025-03-26,3506.93,5122.68,6065.77,14695.38
2025-03-27,3469.68,5128.76,6040.23,14638.67
2025-03-28,3484.69,5096.92,6026.42,14608.03
2025-03-29,3515.06,5077.57,5970.56,14563.19
2025-03-30,3460.55,5082.94,5998.78,14542.27
2025-03-31,3486.38,5095.44,6057.76,14639.58
2025-04-01,3467.95,5086.63,6004.77,14559.35
2025-04-02,3498.79,5092.46,6020.66,14611.91
2025-04-03,3445.10,5088.52,6067.17,14600.79
2025-04-04,3469.12,5127.44,6038.99,14635.55
2025-04-05,3476.57,5114.28,5983.75,14574.60
2025-04-06,3452.03,5075.19,6050.21,14577.43
2025-04-07,3448.66,5091.51,6013.47,14553.64
2025-04-08,3494.92,5115.02,6076.39,14686.33
2025-04-09,3450.30,5094.30,6043.29,14587.89
2025-04-10,3500.93,5078.07,5994.73,14573.73
2025-04-11,3480.38,5124.27,5970.38,14575.03
2025-04-12,3458.15,5059.38,6056.92,14574.45
2025-04-13,3491.24,5047.69,6044.67,14583.60
2025-04-14,3472.86,5081.79,5975.65,14530.30
2025-04-15,3467.74,5095.11,6042.49,14605.34
2025-04-16,3484.28,5080.38,6036.16,14600.82
2025-04-17,3489.72,5102.54,6029.79,14622.05
2025-04-18,3514.87,5098.15,6081.07,14694.09
2025-04-19,3478.77,5083.35,6059.06,14621.18
2025-04-20,3452.07,5131.04,6028.03,14611.14
2025-04-21,3453.87,5100.97,6065.27,14620.11
2025-04-22,3486.48,5078.00,6031.66,14596.14
2025-04-23,3469.49,5133.49,5977.39,14580.37
2025-04-24,3483.11,5103.42,6013.13,14599.66
2025-04-25,3488.67,5152.86,6047.27,14688.80
2025-04-26,3471.06,5078.93,6042.85,14592.84
2025-04-27,3506.65,5094.20,6019.15,14620.00
2025-04-28,3481.50,5138.03,5996.67,14616.20
2025-04-29,3493.39,5106.27,6040.17,14639.83
2025-04-30,3480.41,5102.74,5975.86,14559.01
2025-05-01,3463.52,5125.69,6043.00,14632.21
2025-05-02,3428.93,5088.53,6034.20,14551.66
2025-05-03,3447.48,5101.48,6068.26,14617.22
2025-05-04,3502.61,5112.59,6033.78,14648.98
2025-05-05,3444.68,5128.25,6043.47,14616.40
2025-05-06,3490.48,5092.61,6078.32,14661.41
2025-05-07,3490.74,5075.84,6010.72,14577.30
2025-05-08,3495.66,5128.20,6026.71,14650.57
2025-05-09,3461.52,5057.62,6018.01,14537.15
2025-05-10,3490.46,5074.40,5982.80,14547.66
2025-05-11,3532.86,5119.85,5961.10,14613.81
2025-05-12,3455.54,5100.03,5956.65,14512.22
2025-05-13,3436.12,5107.42,6024.07,14567.61
2025-05-14,3456.53,5068.31,6044.39,14569.23
2025-05-15,3476.50,5105.78,6043.23,14625.51
2025-05-16,3483.44,5091.02,6087.62,14662.08
2025-05-17,3486.21,5115.28,5990.18,14591.67
2025-05-18,3478.52,5118.02,6054.97,14651.51
2025-05-19,3531.86,5117.13,6106.07,14755.06
2025-05-20,3464.66,5093.14,6001.27,14559.07
2025-05-21,3489.21,5120.58,6015.25,14625.04
2025-05-22,3492.36,5115.42,6043.69,14651.47
2025-05-23,3485.11,5079.10,6011.38,14575.59
2025-05-24,3472.98,5099.17,6054.47,14626.62
2025-05-25,3454.64,5122.17,6021.76,14598.57
2025-05-26,3476.61,5119.34,6064.57,14660.52
2025-05-27,3507.94,5070.42,6084.58,14662.94
2025-05-28,3476.23,5132.38,6101.43,14710.04
2025-05-29,3497.34,5128.42,6049.88,14675.64
2025-05-30,3468.65,5072.25,5984.91,14525.81
2025-05-31,3496.14,5120.35,5962.84,14579.33
2025-06-01,3496.78,4448.16,5997.13,13942.07
2025-06-02,3474.87,4441.48,5984.64,13900.99
2025-06-03,3520.77,4398.07,6005.89,13924.73
2025-06-04,3458.49,4490.25,6075.44,14024.18
2025-06-05,3487.82,4451.19,6025.89,13964.90
2025-06-06,3467.72,4450.80,5987.33,13905.85
2025-06-07,3493.81,4422.29,6041.05,13957.15
2025-06-08,3464.26,4417.44,6020.06,13901.76
2025-06-09,3521.52,4451.67,6026.47,13999.66
2025-06-10,3469.59,4399.93,6097.71,13967.23
2025-06-11,3477.32,4437.19,6036.19,13950.70
2025-06-12,3484.05,4456.14,6030.98,13971.17
2025-06-13,3438.52,4404.26,6020.16,13862.94
2025-06-14,3488.03,4447.65,6003.69,13939.37
2025-06-15,3473.64,4402.53,6047.25,13923.42
2025-06-16,3503.17,4453.98,6097.59,14054.74
2025-06-17,3476.39,4468.15,6065.75,14010.29
2025-06-18,3512.96,4395.65,6061.39,13970.00
2025-06-19,3476.30,4388.83,6012.55,13877.68
2025-06-20,3483.47,4438.97,5993.29,13915.73
2025-06-21,3484.18,4424.77,6031.57,13940.52
2025-06-22,3451.09,4432.84,5984.63,13868.56
2025-06-23,3458.30,4437.81,6046.74,13942.85
2025-06-24,3453.08,4418.35,6034.34,13905.77
2025-06-25,3476.84,4390.67,6028.73,13896.24
2025-06-26,3444.80,4445.91,6024.86,13915.57
2025-06-27,3482.22,4428.16,6040.21,13950.59
2025-06-28,3491.31,4451.47,6092.27,14035.05
2025-06-29,3440.54,4421.98,6084.32,13946.84
2025-06-30,3453.27,4474.60,5977.38,13905.25
2025-07-01,3489.63,4411.34,6049.55,13950.52
2025-07-02,3477.80,4436.51,6018.95,13933.26
2025-07-03,3503.21,4446.88,6063.61,14013.70
2025-07-04,3471.74,4436.21,6001.22,13909.17
2025-07-05,3478.03,4424.91,5991.54,13894.48
2025-07-06,3503.25,4443.29,5968.18,13914.72
2025-07-07,3478.20,4382.58,6018.75,13879.53
2025-07-08,3469.99,4418.60,6056.35,13944.94
2025-07-09,3475.64,4417.28,5984.49,13877.41
2025-07-10,3454.09,4432.18,5963.71,13849.98
2025-07-11,3482.22,4466.17,6063.57,14011.96
2025-07-12,3486.66,4431.70,6036.26,13954.62
2025-07-13,3497.16,4411.95,5977.41,13886.52
2025-07-14,3483.58,4417.70,6012.90,13914.18
2025-07-15,3515.14,4427.57,6049.92,13992.63
2025-07-16,3471.37,4398.81,6027.03,13897.21
2025-07-17,3503.13,4432.12,6027.19,13962.44
2025-07-18,3506.36,4370.29,5999.26,13875.91
2025-07-19,3450.18,4491.80,6059.75,14001.73
2025-07-20,3481.30,4453.31,6078.46,14013.07
2025-07-21,3471.65,4399.09,5945.54,13816.28
2025-07-22,3489.79,4432.06,6032.28,13954.13
2025-07-23,3528.59,4447.92,6101.16,14077.67
2025-07-24,3518.14,4449.58,6056.62,14024.34
2025-07-25,3505.02,4428.93,6021.42,13955.37
2025-07-26,3472.03,4430.19,6074.32,13976.54
2025-07-27,3490.46,4453.29,6092.90,14036.65
2025-07-28,3479.72,4436.25,6009.35,13925.32
2025-07-29,3455.39,4459.21,6035.39,13949.99
2025-07-30,3461.60,4389.00,6025.93,13876.53
2025-07-31,3503.12,4412.88,5984.94,13900.94
2025-08-01,3511.82,4449.70,6038.49,14000.01
2025-08-02,3481.11,4458.37,5987.00,13926.48
2025-08-03,3483.85,4444.58,6050.71,13979.14
2025-08-04,3482.49,4437.02,6071.34,13990.85
2025-08-05,3469.58,4487.84,6053.02,14010.44
2025-08-06,3480.53,4430.86,6014.76,13926.15
2025-08-07,3514.23,4457.92,6017.06,13989.21
2025-08-08,3483.41,4398.34,5973.38,13855.13
2025-08-09,3496.06,4411.44,6025.41,13932.91
2025-08-10,3499.26,4427.36,6052.18,13978.80
2025-08-11,3511.00,4424.17,6037.67,13972.84
2025-08-12,3493.81,4413.47,5981.18,13888.46
2025-08-13,3448.54,4426.39,6076.47,13951.40
2025-08-14,3480.83,4437.52,6092.82,14011.17
2025-08-15,3483.99,4420.23,6029.14,13933.36
2025-08-16,3453.48,4425.71,6007.98,13887.17
2025-08-17,3476.38,4411.04,6027.33,13914.75
2025-08-18,3460.43,4483.45,6024.84,13968.72
2025-08-19,3529.59,4408.68,6021.66,13959.93
2025-08-20,3492.20,4465.22,5992.50,13949.92
2025-08-21,3462.05,4406.86,6012.42,13881.33
2025-08-22,3504.17,4467.77,6000.47,13972.41
2025-08-23,3489.93,4413.09,6051.74,13954.76
2025-08-24,3512.99,4424.37,6086.74,14024.10
2025-08-25,3480.85,4436.04,6005.72,13922.61
2025-08-26,3497.71,4440.11,6013.09,13950.91
2025-08-27,3481.75,4411.53,5992.54,13885.82
2025-08-28,3500.18,4475.15,6004.00,13979.33
2025-08-29,3521.15,4410.30,6024.42,13955.87
2025-08-30,3455.53,4403.67,6008.99,13868.19
2025-08-31,3446.31,4438.37,6014.42,13899.10
2025-09-01,3463.75,4428.48,6007.42,13899.65
2025-09-02,3472.78,4428.87,6037.88,13939.53
2025-09-03,3512.61,4435.51,5958.87,13906.99
2025-09-04,3477.69,4456.37,6069.85,14003.91
2025-09-05,3467.71,4430.78,6005.48,13903.97
2025-09-06,3483.53,4465.74,6030.90,13980.17
2025-09-07,3489.16,4411.28,6000.21,13900.65
2025-09-08,3495.67,4452.03,5995.93,13943.63
2025-09-09,3482.88,4423.79,6075.06,13981.73
2025-09-10,3474.32,4430.91,6018.95,13924.18
2025-09-11,3449.96,4396.51,6048.56,13895.03
2025-09-12,3458.76,4453.27,6060.90,13972.93
2025-09-13,3496.06,4457.02,6027.52,13980.60
2025-09-14,3515.05,4467.93,6018.18,14001.16
2025-09-15,3485.21,4442.48,6063.44,13991.13
2025-09-16,3487.28,4402.79,5998.89,13888.96
2025-09-17,3503.43,4425.92,5986.50,13915.85
2025-09-18,3491.52,4415.16,6037.20,13943.88
2025-09-19,3489.56,4446.29,6067.39,14003.24
2025-09-20,3478.32,4424.67,6022.29,13925.28
2025-09-21,3474.35,4481.16,6020.65,13976.16
2025-09-22,3498.64,4453.47,5994.01,13946.12
2025-09-23,3521.33,4435.82,6032.71,13989.86
2025-09-24,3495.85,4445.15,6074.38,14015.38
2025-09-25,3502.25,4446.15,6054.33,14002.73
2025-09-26,3472.24,4420.85,6054.82,13947.91
2025-09-27,3480.07,4458.43,5981.44,13919.94
2025-09-28,3455.35,4456.22,6021.72,13933.29
2025-09-29,3473.56,4428.87,6028.76,13931.19
2025-09-30,3480.15,4495.19,6033.86,14009.20
2025-10-01,3522.37,4475.71,6084.55,14082.63
2025-10-02,3449.10,4471.22,5974.79,13895.11
2025-10-03,3483.47,4427.62,6007.77,13918.86
2025-10-04,3448.95,4411.49,6054.76,13915.20
2025-10-05,3537.17,4464.79,6058.64,14060.60
2025-10-06,3463.95,4423.54,6045.33,13932.82
2025-10-07,3481.90,4434.99,6035.76,13952.65
2025-10-08,3485.22,4449.38,6029.75,13964.35
2025-10-09,3460.92,4427.52,6113.71,14002.15
2025-10-10,3470.45,4470.01,6016.79,13957.25
2025-10-11,3475.69,4458.33,6021.91,13955.93
2025-10-12,3468.38,4452.99,6010.21,13931.58
2025-10-13,3469.64,4427.09,5998.58,13895.31
2025-10-14,3496.61,4434.25,6023.39,13954.25
2025-10-15,3489.71,4435.13,6040.07,13964.91
2025-10-16,3515.83,4407.56,6024.27,13947.66
2025-10-17,3488.63,4442.12,5995.15,13925.90
2025-10-18,3465.26,4448.71,6030.48,13944.45
2025-10-19,3465.30,4427.52,6059.96,13952.78
2025-10-20,3447.75,4435.05,6049.55,13932.35
2025-10-21,3461.28,4419.21,6081.33,13961.82
2025-10-22,3465.87,4427.44,6065.14,13958.45
2025-10-23,3465.78,4425.69,6079.70,13971.17
2025-10-24,3478.54,4401.39,6008.73,13888.66
2025-10-25,3461.71,4437.64,6007.28,13906.63
2025-10-26,3520.42,4411.19,6031.26,13962.87
2025-10-27,3453.27,4446.02,6102.74,14002.03
2025-10-28,3469.95,4437.94,6042.28,13950.17
2025-10-29,3431.50,4472.38,6018.71,13922.59
2025-10-30,3458.84,4412.74,5981.01,13852.59
2025-10-31,3456.96,4468.48,6048.09,13973.53
2025-11-01,3495.77,4420.18,6026.38,13942.33
2025-11-02,3474.50,4441.80,5996.21,13912.51
2025-11-03,3469.48,4414.39,6051.36,13935.23
2025-11-04,3473.59,4446.32,5960.23,13880.14
2025-11-05,3489.21,4436.39,6037.84,13963.44
2025-11-06,3483.56,4436.59,6088.88,14009.03
2025-11-07,3488.44,4458.81,6045.08,13992.33
2025-11-08,3480.49,4431.53,6049.16,13961.18
2025-11-09,3491.75,4465.18,6065.11,14022.04
2025-11-10,3466.85,4405.86,6004.99,13877.70
2025-11-11,3499.40,4461.75,6013.13,13974.28
2025-11-12,3522.70,4433.98,6027.47,13984.15
2025-11-13,3492.40,4464.44,6055.08,14011.92
2025-11-14,3493.84,4478.15,6019.77,13991.76
2025-11-15,3488.71,4444.14,6020.00,13952.85
2025-11-16,3439.90,4433.92,5994.55,13868.37
2025-11-17,3478.10,4409.94,6071.36,13959.40
2025-11-18,3485.35,4443.11,6027.71,13956.17
2025-11-19,3469.54,4422.07,6078.44,13970.05
2025-11-20,3505.34,4406.34,5993.97,13905.65
2025-11-21,3489.94,4455.39,6028.80,13974.13
2025-11-22,3483.79,4487.66,6010.03,13981.48
2025-11-23,3487.36,4472.58,6030.48,13990.42
2025-11-24,3503.02,4433.51,6051.93,13988.46
2025-11-25,3505.46,4416.87,6007.05,13929.38
2025-11-26,3480.83,4434.79,6069.78,13985.40
2025-11-27,3485.45,4441.96,6026.84,13954.25
2025-11-28,3480.48,4414.99,6039.41,13934.88
2025-11-29,3478.67,4423.23,5981.44,13883.34
2025-11-30,3498.52,4452.09,6046.21,13996.82
2025-12-01,3471.09,4485.05,6018.17,13974.31
2025-12-02,3469.04,4445.45,6009.31,13923.80
2025-12-03,3444.16,4446.63,5980.73,13871.52
2025-12-04,3504.54,4431.25,6062.49,13998.28
2025-12-05,3470.09,4447.58,6051.76,13969.43
2025-12-06,3503.96,4446.13,6025.87,13975.96
2025-12-07,3492.83,4408.77,6077.59,13979.19
2025-12-08,3444.79,4448.07,6111.12,14003.98
2025-12-09,3447.34,4425.99,6038.25,13911.58
2025-12-10,3492.83,4466.67,6043.91,14003.41
2025-12-11,3480.18,4445.22,6071.96,13997.36
2025-12-12,3439.55,4415.18,6041.01,13895.74
2025-12-13,3442.60,4420.81,6037.05,13900.46
2025-12-14,3482.43,4410.74,6040.27,13933.44
2025-12-15,3470.48,4455.30,6019.04,13944.82
2025-12-16,3467.94,4409.90,6067.54,13945.38
2025-12-17,3502.73,4422.30,6015.14,13940.17
2025-12-18,3477.69,4378.48,6008.65,13864.82
2025-12-19,3520.02,4416.06,6047.25,13983.33
2025-12-20,3474.40,4402.13,6037.50,13914.03
2025-12-21,3476.26,4436.41,6065.90,13978.57
2025-12-22,3481.23,4456.42,5996.54,13934.19
2025-12-23,3457.09,4423.91,6063.19,13944.19
2025-12-24,3427.79,4467.82,5967.07,13862.68
2025-12-25,3476.74,4460.95,6044.73,13982.42
2025-12-26,3476.16,4442.19,6031.91,13950.26
2025-12-27,3480.02,4413.68,6044.18,13937.88
2025-12-28,3458.69,4449.36,5990.81,13898.86
2025-12-29,3494.12,4437.07,6001.44,13932.63
2025-12-30,3466.95,4447.13,6024.10,13938.18
2025-12-31,3473.54,4429.42,6045.24,13948.20
2026-01-01,3653.98,4648.81,6284.51,14587.30
2026-01-02,3647.08,4652.53,6302.16,14601.77
2026-01-03,3658.56,4648.76,6325.14,14632.46
2026-01-04,3681.41,4613.45,6344.59,14639.45
2026-01-05,3650.93,4667.79,6308.92,14627.64
2026-01-06,3659.51,4609.32,6301.62,14570.45
2026-01-07,3653.95,4662.57,6266.90,14583.42
2026-01-08,3650.80,4671.13,6361.00,14682.93
2026-01-09,3645.04,4632.06,6358.42,14635.52
2026-01-10,3625.04,4650.27,6293.61,14568.92
2026-01-11,3670.79,4618.00,6328.91,14617.70
2026-01-12,3685.28,4633.60,6343.78,14662.66
2026-01-13,3648.44,4686.06,6214.33,14548.83
2026-01-14,3636.26,4649.29,6382.64,14668.19
2026-01-15,3648.90,4626.80,6309.05,14584.75
2026-01-16,3637.65,4637.69,6356.41,14631.75
2026-01-17,3658.59,4650.72,6293.41,14602.72
2026-01-18,3645.34,4668.78,6372.41,14686.53
2026-01-19,3650.57,4622.32,6265.36,14538.25
2026-01-20,3641.88,4667.42,6329.61,14638.91
2026-01-21,3657.19,4652.00,6270.23,14579.42
2026-01-22,3648.83,4659.57,6315.67,14624.07
2026-01-23,3613.39,4614.55,6290.34,14518.28
2026-01-24,3616.54,4631.86,6308.14,14556.54
2026-01-25,3654.94,4629.26,6309.19,14593.39
2026-01-26,3630.20,4619.50,6260.10,14509.80
2026-01-27,3634.67,4667.64,6336.66,14638.97
2026-01-28,3630.29,4636.11,6364.52,14630.92
2026-01-29,3648.48,4659.03,6342.41,14649.92
2026-01-30,3624.14,4646.76,6308.13,14579.03
2026-01-31,3671.63,4637.30,6291.89,14600.82
2026-02-01,3648.66,4641.00,6418.94,14708.60
2026-02-02,3628.34,4678.21,6344.44,14650.99
2026-02-03,3658.03,4639.22,6325.07,14622.32
2026-02-04,3654.78,4652.63,6303.61,14611.02
2026-02-05,3683.49,4672.66,6315.84,14671.99
2026-02-06,3660.64,4645.92,6282.88,14589.44
2026-02-07,3639.12,4647.78,6216.48,14503.38
2026-02-08,3647.45,4653.00,6314.74,14615.19
2026-02-09,3651.01,4649.48,6318.93,14619.42
2026-02-10,3707.61,4641.43,6317.89,14666.93
2026-02-11,3656.75,4680.12,6343.59,14680.46
2026-02-12,3640.04,4602.93,6296.52,14539.49
2026-02-13,3642.73,4650.26,6411.90,14704.89
2026-02-14,3657.32,4664.03,6334.62,14655.97
2026-02-15,3653.62,4647.96,6339.74,14641.32
2026-02-16,3647.12,4698.40,6296.11,14641.63
2026-02-17,3638.33,4609.87,6336.70,14584.90
2026-02-18,3644.42,4669.53,6340.54,14654.49
2026-02-19,3595.76,4648.00,6302.48,14546.24
2026-02-20,3620.16,4636.21,6377.41,14633.78
2026-02-21,3639.23,4668.84,6328.95,14637.02
2026-02-22,3668.79,4648.70,6251.83,14569.32
2026-02-23,3684.88,4691.26,6332.52,14708.66
2026-02-24,3618.01,4669.82,6259.25,14547.08
2026-02-25,3625.82,4613.16,6312.20,14551.18
2026-02-26,3632.78,4676.63,6296.21,14605.62
2026-02-27,3672.40,4626.32,6366.86,14665.58
2026-02-28,3650.42,4657.39,6325.89,14633.70
2026-03-01,3640.88,5324.09,6327.49,15292.46
2026-03-02,3620.82,5416.29,6305.93,15343.04
2026-03-03,3691.51,5369.90,6356.21,15417.62
2026-03-04,3634.47,5331.13,6332.40,15298.00
2026-03-05,3673.77,5342.27,6274.50,15290.54
2026-03-06,3646.31,5348.14,6366.66,15361.11
2026-03-07,3630.20,5342.47,6268.66,15241.33
2026-03-08,3642.16,5345.85,6356.07,15344.08
2026-03-09,3698.18,5396.66,6311.33,15406.17
2026-03-10,3634.58,5361.54,6317.51,15313.63
2026-03-11,3636.98,5320.82,6312.58,15270.38
2026-03-12,3633.13,5374.13,6332.23,15339.49
2026-03-13,3665.57,5344.69,6374.90,15385.16
2026-03-14,3603.52,5373.59,6296.70,15273.81
2026-03-15,3650.02,5375.79,6293.55,15319.36
2026-03-16,3698.63,5387.55,6310.45,15396.63
2026-03-17,3638.35,5391.12,6316.66,15346.13
2026-03-18,3658.01,5359.69,6334.82,15352.52
2026-03-19,3664.66,5297.44,6356.52,15318.62
2026-03-20,3627.15,5363.01,6252.46,15242.62
2026-03-21,3651.13,5346.22,6330.41,15327.76
2026-03-22,3647.57,5389.34,6351.21,15388.12
2026-03-23,3656.62,5370.24,6256.37,15283.23
2026-03-24,3621.77,5318.91,6344.95,15285.63
2026-03-25,3648.85,5394.88,6340.40,15384.13
2026-03-26,3631.82,5382.74,6371.80,15386.36
2026-03-27,3642.05,5381.46,6359.50,15383.01
2026-03-28,3670.79,5334.46,6363.85,15369.10
2026-03-29,3609.88,5311.71,6346.24,15267.83
2026-03-30,3659.29,5355.55,6304.66,15319.50
2026-03-31,3638.80,5360.34,6273.44,15272.58
2026-04-01,3672.64,5386.80,6347.84,15407.28
2026-04-02,3614.58,5389.98,6351.45,15356.01
2026-04-03,3608.96,5346.46,6275.78,15231.20
2026-04-04,3633.00,5381.82,6285.29,15300.11
2026-04-05,3666.91,5345.01,6288.40,15300.32
2026-04-06,3667.62,5312.57,6291.52,15271.71
2026-04-07,3645.52,5350.06,6291.48,15287.06
2026-04-08,3641.46,5360.69,6311.39,15313.54
2026-04-09,3635.29,5365.38,6389.29,15389.96
2026-04-10,3663.67,5355.71,6320.84,15340.22
2026-04-11,3619.52,5347.00,6363.41,15329.93
2026-04-12,3644.82,5331.15,6312.88,15288.85
2026-04-13,3654.28,5324.76,6275.31,15254.35
2026-04-14,3674.10,5349.99,6317.73,15341.82
2026-04-15,3665.16,5356.44,6268.48,15290.08
2026-04-16,3640.30,5369.71,6244.05,15254.06
2026-04-17,3609.26,5357.77,6289.07,15256.10
2026-04-18,3664.36,5361.87,6303.33,15329.56
2026-04-19,3634.23,5391.89,6297.00,15323.12
2026-04-20,3649.14,5398.64,6353.31,15401.09
2026-04-21,3631.12,5391.48,6254.61,15277.21
2026-04-22,3693.13,5351.42,6312.84,15357.39
2026-04-23,3659.95,5341.39,6281.43,15282.77
2026-04-24,3623.30,5319.37,6433.48,15376.15
2026-04-25,3651.40,5348.68,6332.44,15332.52
2026-04-26,3647.09,5340.93,6355.32,15343.34
2026-04-27,3679.56,5374.32,6321.84,15375.72
2026-04-28,3636.71,5334.94,6318.86,15290.51
2026-04-29,3633.59,5361.21,6290.11,15284.91
2026-04-30,3662.65,5333.71,6254.14,15250.50
2026-05-01,3641.31,5369.54,6324.06,15334.91
2026-05-02,3660.08,5369.06,6324.38,15353.52
2026-05-03,3619.95,5360.96,6268.63,15249.54
2026-05-04,3643.00,5360.17,6249.54,15252.71
2026-05-05,3669.32,5389.07,6301.82,15360.21
2026-05-06,3673.71,5350.78,6329.57,15354.06
2026-05-07,3643.67,5380.10,6301.42,15325.19
2026-05-08,3655.00,5320.59,6398.42,15374.01
2026-05-09,3666.44,5323.89,6257.93,15248.26
2026-05-10,3679.76,5326.10,6278.01,15283.87
2026-05-11,3672.26,5361.12,6329.12,15362.50
2026-05-12,3647.99,5366.06,6265.69,15279.74
2026-05-13,3624.96,5358.53,6309.62,15293.11
2026-05-14,3628.41,5369.53,6291.29,15289.23
2026-05-15,3665.11,5403.63,6279.98,15348.72
2026-05-16,3662.21,5367.29,6274.88,15304.38
2026-05-17,3656.24,5364.13,6316.39,15336.76
2026-05-18,3660.14,5326.10,6290.27,15276.51
2026-05-19,3648.77,5337.60,6345.52,15331.89
2026-05-20,3650.04,5330.63,6385.95,15366.62
2026-05-21,3666.30,5375.59,6304.01,15345.90
2026-05-22,3633.20,5330.49,6339.80,15303.49
2026-05-23,3671.63,5383.49,6320.88,15376.00
2026-05-24,3660.60,5372.24,6298.58,15331.42
2026-05-25,3650.81,5349.01,6371.07,15370.89
2026-05-26,3684.95,5298.56,6351.47,15334.98
2026-05-27,3639.61,5354.58,6332.58,15326.77
2026-05-28,3676.93,5341.57,6374.06,15392.56
2026-05-29,3669.03,5327.86,6306.06,15302.95
2026-05-30,3676.55,5365.47,6277.20,15319.22
2026-05-31,3629.06,5317.01,6279.13,15225.20
2026-06-01,3607.33,4667.81,6289.61,14564.75
2026-06-02,3665.24,4650.04,6280.07,14595.35
2026-06-03,3629.58,4638.79,6284.31,14552.68
2026-06-04,3659.79,4632.05,6345.00,14636.84
2026-06-05,3684.95,4621.23,6334.68,14640.86
2026-06-06,3669.92,4639.65,6419.42,14728.99
2026-06-07,3656.87,4648.41,6380.98,14686.26
2026-06-08,3664.01,4621.06,6325.27,14610.34
2026-06-09,3627.75,4623.94,6269.89,14521.58
2026-06-10,3659.49,4681.47,6227.22,14568.18
2026-06-11,3642.29,4599.41,6369.75,14611.45
2026-06-12,3637.93,4675.97,6260.14,14574.04
2026-06-13,3660.65,4664.01,6254.52,14579.18
2026-06-14,3657.88,4680.28,6295.06,14633.22
2026-06-15,3627.11,4643.10,6295.42,14565.63
2026-06-16,3643.68,4650.54,6369.64,14663.86
2026-06-17,3664.56,4632.68,6359.63,14656.87
2026-06-18,3645.58,4605.37,6298.09,14549.04
2026-06-19,3627.02,4665.66,6357.30,14649.98
2026-06-20,3602.55,4666.96,6258.10,14527.61
2026-06-21,3626.38,4684.02,6377.90,14688.30
2026-06-22,3696.39,4663.91,6310.66,14670.96
2026-06-23,3671.65,4644.01,6289.56,14605.22
2026-06-24,3657.14,4663.77,6373.47,14694.38
2026-06-25,3663.44,4659.98,6340.28,14663.70
2026-06-26,3659.49,4638.59,6314.15,14612.23
2026-06-27,3670.99,4690.29,6337.05,14698.33
2026-06-28,3642.38,4677.83,6309.49,14629.70
2026-06-29,3629.81,4641.69,6280.92,14552.42
2026-06-30,3638.38,4668.96,6327.77,14635.11
2026-07-01,3621.58,4686.79,6312.32,14620.69
2026-07-02,3635.52,4657.41,6308.44,14601.37
2026-07-03,3698.49,4649.13,6281.65,14629.27
2026-07-04,3645.70,4625.43,6327.43,14598.56
2026-07-05,3636.40,4659.89,6339.76,14636.05
2026-07-06,3658.54,4676.25,6325.07,14659.86
2026-07-07,3640.76,4647.63,6352.73,14641.12
2026-07-08,3662.70,4664.80,6315.77,14643.27
2026-07-09,3630.28,4622.31,6253.21,14505.80
2026-07-10,3638.32,4637.87,6325.60,14601.79
2026-07-11,3628.86,4669.66,6351.26,14649.78
2026-07-12,3667.80,4622.13,6377.98,14667.91
2026-07-13,3656.69,4588.10,6333.36,14578.15
2026-07-14,3645.96,4604.09,6250.89,14500.94
2026-07-15,3687.69,4605.89,6305.36,14598.94
2026-07-16,3637.14,4677.55,6277.08,14591.77
2026-07-17,3679.62,4677.42,6317.02,14674.06
2026-07-18,3650.37,4668.82,6296.54,14615.73
2026-07-19,3645.53,4630.50,6330.23,14606.26
2026-07-20,3671.04,4724.93,6337.54,14733.51
2026-07-21,14.90,0.22,0.00,15.12
2026-08-11,0.00,0.06,0.00,0.06